Collection Start Date/Time,DNR Parameter Description, Value,Units,Site,Round 
06/27/2023 13:01,"ANKISTRODESMUS SP., COUNT",8,cells/mL,9,1
06/27/2023 13:01,"ASTERIONELLA SP., COUNT",8,cells/mL,9,1
06/27/2023 13:01,"CENTRALES DIATOMS, COUNT",145,cells/mL,9,1
06/27/2023 13:01,"CRUCIGENIA SP., COUNT",1858,cells/mL,9,1
06/27/2023 13:01,"DINOBRYON SP., COUNT",23,cells/mL,9,1
06/27/2023 13:01,"GLOEOCYSTIS SP., COUNT",54,cells/mL,9,1
06/27/2023 13:01,"LIMNOTHRIX SP., COUNT",317,cells/mL,9,1
06/27/2023 13:01,"OOCYSTIS SP., COUNT",617,cells/mL,9,1
06/27/2023 13:01,"PENNALES DIATOMS, COUNT",243,cells/mL,9,1
06/27/2023 13:01,"PERIDINIUM SP., COUNT",21,cells/mL,9,1
06/27/2023 13:01,"PLANKTOTHRIX SP., COUNT",774,cells/mL,9,1
06/27/2023 13:01,"TETRAEDRON SP., COUNT",41,cells/mL,9,1
06/27/2023 13:01,"UROSOLENIA SP., COUNT",18,cells/mL,9,1
06/27/2023 14:12,"ANKISTRODESMUS SP., COUNT",6,cells/mL,8,1
06/27/2023 14:12,"ASTERIONELLA SP., COUNT",39,cells/mL,8,1
06/27/2023 14:12,"CENTRALES DIATOMS, COUNT",42,cells/mL,8,1
06/27/2023 14:12,"CHLOROCOCCUM SP., COUNT",224,cells/mL,8,1
06/27/2023 14:12,"CRUCIGENIA SP., COUNT",860,cells/mL,8,1
06/27/2023 14:12,"DINOBRYON SP., COUNT",151,cells/mL,8,1
06/27/2023 14:12,"GOLENKINIA SP., COUNT",3,cells/mL,8,1
06/27/2023 14:12,"GONYOSTOMUM SP., COUNT",27,cells/mL,8,1
06/27/2023 14:12,"KOMMA CAUDATA, COUNT",91,cells/mL,8,1
06/27/2023 14:12,"LIMNOTHRIX SP., COUNT",18,cells/mL,8,1
06/27/2023 14:12,"MICRACTINIUM SP., COUNT",24,cells/mL,8,1
06/27/2023 14:12,"PANDORINA SP., COUNT",109,cells/mL,8,1
06/27/2023 14:12,"PENNALES DIATOMS, COUNT",118,cells/mL,8,1
06/27/2023 14:12,"PERIDINIUM SP., COUNT",18,cells/mL,8,1
06/27/2023 14:12,"SELENASTRUM SP., COUNT",6,cells/mL,8,1
06/27/2023 14:12,"SYNURA SP., COUNT",154,cells/mL,8,1
06/27/2023 14:12,"TETRAEDRON SP., COUNT",9,cells/mL,8,1
06/27/2023 14:12,"TRACHELOMONAS SP., COUNT",33,cells/mL,8,1
06/27/2023 14:12,"UROSOLENIA SP., COUNT",33,cells/mL,8,1
07/17/2023 09:36,"ASTERIONELLA SP., COUNT",218,cells/mL,6,2
07/17/2023 09:36,"CENTRALES DIATOMS, COUNT",195,cells/mL,6,2
07/17/2023 09:36,"CRUCIGENIA SP., COUNT",218,cells/mL,8,2
07/17/2023 09:36,"CYMBELLA SP., COUNT",16,cells/mL,6,2
07/17/2023 09:36,"DINOBRYON SP., COUNT",319,cells/mL,6,2
07/17/2023 09:36,"FRAGILARIA SP., COUNT",273,cells/mL,6,2
07/17/2023 09:36,"GONYOSTOMUM SP., COUNT",31,cells/mL,6,2
07/17/2023 09:36,"KOMMA CAUDATA, COUNT",405,cells/mL,6,2
07/17/2023 09:36,"MOUGEOTIA SP., COUNT",39,cells/mL,6,2
07/17/2023 09:36,"NAVICULA SP., COUNT",70,cells/mL,6,2
07/17/2023 09:36,"OOCYSTIS SP., COUNT",78,cells/mL,6,2
07/17/2023 09:36,"PENNALES DIATOMS, COUNT",701,cells/mL,6,2
07/17/2023 09:36,"PERIDINIUM SP., COUNT",31,cells/mL,6,2
07/17/2023 09:36,"STEPHANODISCUS SP., COUNT",8,cells/mL,6,2
07/17/2023 09:36,"TETRAEDRON SP., COUNT",23,cells/mL,6,2
07/17/2023 11:17,"APHANOCAPSA SP., COUNT",363,cells/mL,3,2
07/17/2023 11:17,"ASTERIONELLA SP., COUNT",114,cells/mL,3,2
07/17/2023 11:17,"CENTRALES DIATOMS, COUNT",86,cells/mL,3,2
07/17/2023 11:17,"CRUCIGENIA SP., COUNT",73,cells/mL,3,2
07/17/2023 11:17,"CRYPTOMONAS SP., COUNT",5,cells/mL,3,2
07/17/2023 11:17,"DINOBRYON SP., COUNT",345,cells/mL,3,2
07/17/2023 11:17,"FRAGILARIA SP., COUNT",114,cells/mL,3,2
07/17/2023 11:17,"GLOEOCYSTIS SP., COUNT",14,cells/mL,3,2
07/17/2023 11:17,"GONYOSTOMUM SP., COUNT",18,cells/mL,3,2
07/17/2023 11:17,"KOMMA CAUDATA, COUNT",363,cells/mL,3,2
07/17/2023 11:17,"NAVICULA SP., COUNT",9,cells/mL,3,2
07/17/2023 11:17,"NITZSCHIA SP., COUNT",5,cells/mL,3,2
07/17/2023 11:17,"PENNALES DIATOMS, COUNT",173,cells/mL,3,2
07/17/2023 11:17,"PERIDINIUM SP., COUNT",32,cells/mL,3,2
07/17/2023 11:17,"SCENEDESMUS SP., COUNT",18,cells/mL,3,2
07/17/2023 11:17,"SPHAEROCYSTIS SP., COUNT",209,cells/mL,3,2
07/17/2023 11:17,"TETRAEDRON SP., COUNT",14,cells/mL,3,2
07/17/2023 11:17,"TRACHELOMONAS SP., COUNT",50,cells/mL,3,2
07/17/2023 11:17,"UROSOLENIA SP., COUNT",9,cells/mL,3,2
07/17/2023 12:35,"ANABAENA SP., COUNT",85,cells/mL,1,2
07/17/2023 12:35,"ANKISTRODESMUS SP., COUNT",18,cells/mL,1,2
07/17/2023 12:35,"APHANOCAPSA SP., COUNT",836,cells/mL,1,2
07/17/2023 12:35,"ASTERIONELLA SP., COUNT",333,cells/mL,1,2
07/17/2023 12:35,"CARTERIA SP., COUNT",587,cells/mL,1,2
07/17/2023 12:35,"CENTRALES DIATOMS, COUNT",139,cells/mL,1,2
07/17/2023 12:35,"COELASTRUM SP., COUNT",151,cells/mL,1,2
07/17/2023 12:35,"COSMARIUM SP., COUNT",18,cells/mL,1,2
07/17/2023 12:35,"CRUCIGENIA SP., COUNT",388,cells/mL,1,2
07/17/2023 12:35,"CRYPTOMONAS SP., COUNT",73,cells/mL,1,2
07/17/2023 12:35,"DINOBRYON SP., COUNT",279,cells/mL,1,2
07/17/2023 12:35,"DYSMORPHOCOCCUS SP., COUNT",6,cells/mL,1,2
07/17/2023 12:35,"FRAGILARIA SP., COUNT",472,cells/mL,1,2
07/17/2023 12:35,"GLOEOCYSTIS SP., COUNT",48,cells/mL,1,2
07/17/2023 12:35,"MALLOMONAS SP., COUNT",12,cells/mL,1,2
07/17/2023 12:35,"OOCYSTIS SP., COUNT",79,cells/mL,1,2
07/17/2023 12:35,"PENNALES DIATOMS, COUNT",67,cells/mL,1,2
07/17/2023 12:35,"PERIDINIUM SP., COUNT",48,cells/mL,1,2
07/17/2023 12:35,"PSEUDANABAENA SP., COUNT",176,cells/mL,1,2
07/17/2023 12:35,"QUADRIGULA SP., COUNT",12,cells/mL,1,2
07/17/2023 12:35,"SCENEDESMUS SP., COUNT",6,cells/mL,1,2
07/17/2023 12:35,"TETRAEDRON SP., COUNT",18,cells/mL,1,2
07/17/2023 12:35,"TREUBARIA SP., COUNT",6,cells/mL,1,2
07/17/2023 12:35,"UROSOLENIA SP., COUNT",24,cells/mL,1,2
07/18/2023 09:51,"ANKISTRODESMUS SP., COUNT",30,cells/mL,14,2
07/18/2023 09:51,"ASTERIONELLA SP., COUNT",84,cells/mL,14,2
07/18/2023 09:51,"CENTRALES DIATOMS, COUNT",63,cells/mL,14,2
07/18/2023 09:51,"COSMARIUM SP., COUNT",3,cells/mL,14,2
07/18/2023 09:51,"DINOBRYON SP., COUNT",57,cells/mL,14,2
07/18/2023 09:51,"GOLENKINIA SP., COUNT",5,cells/mL,14,2
07/18/2023 09:51,"GONYOSTOMUM SP., COUNT",5,cells/mL,14,2
07/18/2023 09:51,"KOMMA CAUDATA, COUNT",22,cells/mL,14,2
07/18/2023 09:51,"MALLOMONAS SP., COUNT",3,cells/mL,14,2
07/18/2023 09:51,"PANDORINA SP., COUNT",153,cells/mL,14,2
07/18/2023 09:51,"PENNALES DIATOMS, COUNT",60,cells/mL,14,2
07/18/2023 09:51,"PERIDINIUM SP., COUNT",27,cells/mL,14,2
07/18/2023 09:51,"TETRAEDRON SP., COUNT",16,cells/mL,14,2
07/18/2023 09:51,"UROSOLENIA SP., COUNT",57,cells/mL,14,2
07/18/2023 12:16,"ANKISTRODESMUS SP., COUNT",8,cells/mL,9,2
07/18/2023 12:16,"ASTERIONELLA SP., COUNT",158,cells/mL,9,2
07/18/2023 12:16,"CENTRALES DIATOMS, COUNT",79,cells/mL,9,2
07/18/2023 12:16,"CHLAMYDOMONAS SP., COUNT",55,cells/mL,9,2
07/18/2023 12:16,"COSMARIUM SP., COUNT",3,cells/mL,9,2
07/18/2023 12:16,"CRYPTOMONAS SP., COUNT",11,cells/mL,9,2
07/18/2023 12:16,"DINOBRYON SP., COUNT",193,cells/mL,9,2
07/18/2023 12:16,"PENNALES DIATOMS, COUNT",93,cells/mL,9,2
07/18/2023 12:16,"PERIDINIUM SP., COUNT",33,cells/mL,9,2
07/18/2023 12:16,"PSEUDANABAENA SP., COUNT",38,cells/mL,9,2
07/18/2023 12:16,"QUADRIGULA SP., COUNT",5,cells/mL,9,2
07/18/2023 12:16,"TETRAEDRON SP., COUNT",30,cells/mL,9,2
07/18/2023 12:16,"UROSOLENIA SP., COUNT",14,cells/mL,9,2
07/18/2023 12:44,"ASTERIONELLA SP., COUNT",131,cells/mL,8,2
07/18/2023 12:44,"CENTRALES DIATOMS, COUNT",120,cells/mL,8,2
07/18/2023 12:44,"CHLAMYDOMONAS SP., COUNT",11,cells/mL,8,2
07/18/2023 12:44,"COELASTRUM SP., COUNT",33,cells/mL,8,2
07/18/2023 12:44,"CRUCIGENIA SP., COUNT",33,cells/mL,8,2
07/18/2023 12:44,"DINOBRYON SP., COUNT",131,cells/mL,8,2
07/18/2023 12:44,"EUGLENA SP., COUNT",5,cells/mL,8,2
07/18/2023 12:44,"GLOEOCYSTIS SP., COUNT",82,cells/mL,8,2
07/18/2023 12:44,"GOLENKINIA SP., COUNT",11,cells/mL,8,2
07/18/2023 12:44,"GONYOSTOMUM SP., COUNT",5,cells/mL,8,2
07/18/2023 12:44,"KOMMA CAUDATA, COUNT",41,cells/mL,8,2
07/18/2023 12:44,"PENNALES DIATOMS, COUNT",128,cells/mL,8,2
07/18/2023 12:44,"PERIDINIUM SP., COUNT",16,cells/mL,8,2
07/18/2023 12:44,"SELENASTRUM SP., COUNT",3,cells/mL,8,2
07/18/2023 12:44,"SPHAEROCYSTIS SP., COUNT",5,cells/mL,8,2
07/18/2023 12:44,"TETRAEDRON SP., COUNT",11,cells/mL,8,2
07/18/2023 12:44,"UROSOLENIA SP., COUNT",22,cells/mL,8,2
07/31/2023 09:36,"ANABAENA SP., COUNT",32,cells/mL,14,3
07/31/2023 09:36,"APHANIZOMENON SP., COUNT",212,cells/mL,14,3
07/31/2023 09:36,"APHANOCAPSA SP., COUNT",220,cells/mL,14,3
07/31/2023 09:36,"APHANOTHECE SP., COUNT",132,cells/mL,14,3
07/31/2023 09:36,"ASTERIONELLA SP., COUNT",32,cells/mL,14,3
07/31/2023 09:36,"CENTRALES DIATOMS, COUNT",220,cells/mL,14,3
07/31/2023 09:36,"CHLAMYDOMONAS SP., COUNT",152,cells/mL,14,3
07/31/2023 09:36,"CLOSTERIUM SP., COUNT",4,cells/mL,14,3
07/31/2023 09:36,"COELASTRUM SP., COUNT",28,cells/mL,14,3
07/31/2023 09:36,"COSMARIUM SP., COUNT",12,cells/mL,14,3
07/31/2023 09:36,"CRYPTOMONAS SP., COUNT",4,cells/mL,14,3
07/31/2023 09:36,"CYCLOTELLA SP., COUNT",20,cells/mL,14,3
07/31/2023 09:36,"DIMORPHOCOCCUS SP., COUNT",4,cells/mL,14,3
07/31/2023 09:36,"DINOBRYON SP., COUNT",232,cells/mL,14,3
07/31/2023 09:36,"GLOEOCYSTIS SP., COUNT",40,cells/mL,14,3
07/31/2023 09:36,"GYMNODINIUM SP., COUNT",28,cells/mL,14,3
07/31/2023 09:36,"KOMMA CAUDATA, COUNT",108,cells/mL,14,3
07/31/2023 09:36,"LIMNOTHRIX SP., COUNT",84,cells/mL,14,3
07/31/2023 09:36,"NAVICULA SP., COUNT",4,cells/mL,14,3
07/31/2023 09:36,"NOSTOC SP., COUNT",521,cells/mL,14,3
07/31/2023 09:36,"OOCYSTIS SP., COUNT",48,cells/mL,14,3
07/31/2023 09:36,"PENNALES DIATOMS, COUNT",104,cells/mL,14,3
07/31/2023 09:36,"PERIDINIUM SP., COUNT",16,cells/mL,14,3
07/31/2023 09:36,"QUADRIGULA SP., COUNT",12,cells/mL,14,3
07/31/2023 09:36,"SCENEDESMUS SP., COUNT",12,cells/mL,14,3
07/31/2023 09:36,"SELENASTRUM SP., COUNT",4,cells/mL,14,3
07/31/2023 09:36,"SPHAEROCYSTIS SP., COUNT",529,cells/mL,14,3
07/31/2023 09:36,"TETRAEDRON SP., COUNT",8,cells/mL,14,3
07/31/2023 09:36,"TREUBARIA SP., COUNT",4,cells/mL,14,3
07/31/2023 09:36,"UROSOLENIA SP., COUNT",128,cells/mL,14,3
07/31/2023 12:27,"APHANOCAPSA SP., COUNT",1334,cells/mL,3,3
07/31/2023 12:27,"ASTERIONELLA SP., COUNT",131,cells/mL,3,3
07/31/2023 12:27,"CENTRALES DIATOMS, COUNT",346,cells/mL,3,3
07/31/2023 12:27,"CHLAMYDOMONAS SP., COUNT",267,cells/mL,3,3
07/31/2023 12:27,"CLOSTERIUM SP., COUNT",6,cells/mL,3,3
07/31/2023 12:27,"CRUCIGENIA SP., COUNT",45,cells/mL,3,3
07/31/2023 12:27,"CRYPTOMONAS SP., COUNT",28,cells/mL,3,3
07/31/2023 12:27,"DICTYOSPHAERIUM SP., COUNT",74,cells/mL,3,3
07/31/2023 12:27,"DINOBRYON SP., COUNT",346,cells/mL,3,3
07/31/2023 12:27,"GONYOSTOMUM SP., COUNT",97,cells/mL,3,3
07/31/2023 12:27,"KOMMA CAUDATA, COUNT",68,cells/mL,3,3
07/31/2023 12:27,"PENNALES DIATOMS, COUNT",57,cells/mL,3,3
07/31/2023 12:27,"PERIDINIUM SP., COUNT",6,cells/mL,3,3
07/31/2023 12:27,"PSEUDANABAENA SP., COUNT",221,cells/mL,3,3
07/31/2023 12:27,"SPHAEROCYSTIS SP., COUNT",204,cells/mL,3,3
07/31/2023 12:27,"TETRAEDRON SP., COUNT",17,cells/mL,3,3
07/31/2023 12:27,"UROSOLENIA SP., COUNT",278,cells/mL,3,3
07/31/2023 13:02,"ANKISTRODESMUS SP., COUNT",7,cells/mL,8,3
07/31/2023 13:02,"APHANOCAPSA SP., COUNT",164,cells/mL,8,3
07/31/2023 13:02,"APHANOTHECE SP., COUNT",160,cells/mL,8,3
07/31/2023 13:02,"ASTERIONELLA SP., COUNT",68,cells/mL,8,3
07/31/2023 13:02,"CENTRALES DIATOMS, COUNT",279,cells/mL,8,3
07/31/2023 13:02,"CHLAMYDOMONAS SP., COUNT",31,cells/mL,8,3
07/31/2023 13:02,"COSMARIUM SP., COUNT",7,cells/mL,8,3
07/31/2023 13:02,"CRUCIGENIA SP., COUNT",218,cells/mL,8,3
07/31/2023 13:02,"DICTYOSPHAERIUM SP., COUNT",55,cells/mL,8,3
07/31/2023 13:02,"DINOBRYON SP., COUNT",255,cells/mL,8,3
07/31/2023 13:02,"GLOEOCYSTIS SP., COUNT",14,cells/mL,8,3
07/31/2023 13:02,"GOLENKINIA SP., COUNT",3,cells/mL,8,3
07/31/2023 13:02,"GYMNODINIUM SP., COUNT",78,cells/mL,8,3
07/31/2023 13:02,"KOMMA CAUDATA, COUNT",7,cells/mL,8,3
07/31/2023 13:02,"OOCYSTIS SP., COUNT",37,cells/mL,8,3
07/31/2023 13:02,"PENNALES DIATOMS, COUNT",89,cells/mL,8,3
07/31/2023 13:02,"QUADRIGULA SP., COUNT",10,cells/mL,8,3
07/31/2023 13:02,"TETRAEDRON SP., COUNT",24,cells/mL,8,3
07/31/2023 13:02,"TRACHELOMONAS SP., COUNT",34,cells/mL,8,3
07/31/2023 13:02,"UROSOLENIA SP., COUNT",48,cells/mL,8,3
08/01/2023 08:48,"ANKISTRODESMUS SP., COUNT",4,cells/mL,9,3
08/01/2023 08:48,"APHANOCAPSA SP., COUNT",518,cells/mL,9,3
08/01/2023 08:48,"APHANOTHECE SP., COUNT",226,cells/mL,9,3
08/01/2023 08:48,"ASTERIONELLA SP., COUNT",93,cells/mL,9,3
08/01/2023 08:48,"AULACOSEIRA SP., COUNT",142,cells/mL,9,3
08/01/2023 08:48,"CENTRALES DIATOMS, COUNT",420,cells/mL,9,3
08/01/2023 08:48,"CHLAMYDOMONAS SP., COUNT",35,cells/mL,9,3
08/01/2023 08:48,"COSMARIUM SP., COUNT",9,cells/mL,9,3
08/01/2023 08:48,"CRUCIGENIA SP., COUNT",53,cells/mL,9,3
08/01/2023 08:48,"CRYPTOMONAS SP., COUNT",9,cells/mL,9,3
08/01/2023 08:48,"DICTYOSPHAERIUM SP., COUNT",27,cells/mL,9,3
08/01/2023 08:48,"DINOBRYON SP., COUNT",323,cells/mL,9,3
08/01/2023 08:48,"GOLENKINIA SP., COUNT",9,cells/mL,9,3
08/01/2023 08:48,"GYMNODINIUM SP., COUNT",84,cells/mL,9,3
08/01/2023 08:48,"KOMMA CAUDATA, COUNT",66,cells/mL,9,3
08/01/2023 08:48,"LIMNOTHRIX SP., COUNT",142,cells/mL,9,3
08/01/2023 08:48,"NAVICULA SP., COUNT",4,cells/mL,9,3
08/01/2023 08:48,"OOCYSTIS SP., COUNT",9,cells/mL,9,3
08/01/2023 08:48,"PENNALES DIATOMS, COUNT",71,cells/mL,9,3
08/01/2023 08:48,"SCENEDESMUS SP., COUNT",18,cells/mL,9,3
08/01/2023 08:48,"TETRAEDRON SP., COUNT",27,cells/mL,9,3
08/01/2023 08:48,"UROSOLENIA SP., COUNT",106,cells/mL,9,3
08/01/2023 10:10,"ANKISTRODESMUS SP., COUNT",4,cells/mL,6,3
08/01/2023 10:10,"APHANOCAPSA SP., COUNT",121,cells/mL,6,3
08/01/2023 10:10,"APHANOTHECE SP., COUNT",289,cells/mL,6,3
08/01/2023 10:10,"ASTERIONELLA SP., COUNT",86,cells/mL,6,3
08/01/2023 10:10,"AULACOSEIRA SP., COUNT",17,cells/mL,6,3
08/01/2023 10:10,"CARTERIA SP., COUNT",4,cells/mL,6,3
08/01/2023 10:10,"CENTRALES DIATOMS, COUNT",414,cells/mL,6,3
08/01/2023 10:10,"CHROOCOCCUS SP., COUNT",427,cells/mL,6,3
08/01/2023 10:10,"COELASTRUM SP., COUNT",47,cells/mL,6,3
08/01/2023 10:10,"DINOBRYON SP., COUNT",448,cells/mL,6,3
08/01/2023 10:10,"FRAGILARIA SP., COUNT",26,cells/mL,6,3
08/01/2023 10:10,"GLOEOCYSTIS SP., COUNT",9,cells/mL,6,3
08/01/2023 10:10,"GOLENKINIA SP., COUNT",4,cells/mL,6,3
08/01/2023 10:10,"GYMNODINIUM SP., COUNT",26,cells/mL,6,3
08/01/2023 10:10,"KOMMA CAUDATA, COUNT",43,cells/mL,6,3
08/01/2023 10:10,"MICRACTINIUM SP., COUNT",30,cells/mL,6,3
08/01/2023 10:10,"OOCYSTIS SP., COUNT",26,cells/mL,6,3
08/01/2023 10:10,"PENNALES DIATOMS, COUNT",43,cells/mL,6,3
08/01/2023 10:10,"PLANKTOLYNGBYA SP., COUNT",108,cells/mL,6,3
08/01/2023 10:10,"SPHAEROCYSTIS SP., COUNT",129,cells/mL,6,3
08/01/2023 10:10,"TETRAEDRON SP., COUNT",13,cells/mL,6,3
08/01/2023 10:10,"UROSOLENIA SP., COUNT",86,cells/mL,6,3
08/01/2023 11:25,"ASTERIONELLA SP., COUNT",27,cells/mL,1,3
08/01/2023 11:25,"AULACOSEIRA SP., COUNT",51,cells/mL,1,3
08/01/2023 11:25,"CENTRALES DIATOMS, COUNT",160,cells/mL,1,3
08/01/2023 11:25,"CHLAMYDOMONAS SP., COUNT",78,cells/mL,1,3
08/01/2023 11:25,"COELASTRUM SP., COUNT",61,cells/mL,1,3
08/01/2023 11:25,"COSMARIUM SP., COUNT",27,cells/mL,1,3
08/01/2023 11:25,"CRUCIGENIA SP., COUNT",235,cells/mL,1,3
08/01/2023 11:25,"CRYPTOMONAS SP. 2, COUNT",3,cells/mL,1,3
08/01/2023 11:25,"CRYPTOMONAS SP., COUNT",17,cells/mL,1,3
08/01/2023 11:25,"DINOBRYON SP., COUNT",109,cells/mL,1,3
08/01/2023 11:25,"DYSMORPHOCOCCUS SP., COUNT",7,cells/mL,1,3
08/01/2023 11:25,"EUGLENA SP., COUNT",3,cells/mL,1,3
08/01/2023 11:25,"GLOEOCYSTIS SP., COUNT",34,cells/mL,1,3
08/01/2023 11:25,"GOLENKINIA SP., COUNT",3,cells/mL,1,3
08/01/2023 11:25,"GYMNODINIUM SP., COUNT",17,cells/mL,1,3
08/01/2023 11:25,"KOMMA CAUDATA, COUNT",136,cells/mL,1,3
08/01/2023 11:25,"PENNALES DIATOMS, COUNT",27,cells/mL,1,3
08/01/2023 11:25,"TETRAEDRON SP., COUNT",10,cells/mL,1,3
08/01/2023 11:25,"TRACHELOMONAS SP., COUNT",17,cells/mL,1,3
08/01/2023 11:25,"UROSOLENIA SP., COUNT",37,cells/mL,1,3
08/30/2023 09:58,"APHANOCAPSA SP., COUNT",290,cells/mL,14,4
08/30/2023 09:58,"APHANOTHECE SP., COUNT",430,cells/mL,14,4
08/30/2023 09:58,"ASTERIONELLA SP., COUNT",5,cells/mL,14,4
08/30/2023 09:58,"CENTRALES DIATOMS, COUNT",444,cells/mL,14,4
08/30/2023 09:58,"CHLAMYDOMONAS SP., COUNT",106,cells/mL,14,4
08/30/2023 09:58,"COSMARIUM SP., COUNT",24,cells/mL,14,4
08/30/2023 09:58,"CRUCIGENIA SP., COUNT",53,cells/mL,14,4
08/30/2023 09:58,"CRYPTOMONAS SP., COUNT",3,cells/mL,14,4
08/30/2023 09:58,"DICTYOSPHAERIUM SP., COUNT",26,cells/mL,14,4
08/30/2023 09:58,"DINOBRYON SP., COUNT",87,cells/mL,14,4
08/30/2023 09:58,"EUDORINA SP., COUNT",140,cells/mL,14,4
08/30/2023 09:58,"GLOEOCYSTIS SP., COUNT",16,cells/mL,14,4
08/30/2023 09:58,"KOMMA CAUDATA, COUNT",42,cells/mL,14,4
08/30/2023 09:58,"MALLOMONAS SP., COUNT",5,cells/mL,14,4
08/30/2023 09:58,"OOCYSTIS SP., COUNT",11,cells/mL,14,4
08/30/2023 09:58,"PENNALES DIATOMS, COUNT",3,cells/mL,14,4
08/30/2023 09:58,"TETRAEDRON SP., COUNT",24,cells/mL,14,4
08/30/2023 09:58,"UROSOLENIA SP., COUNT",11,cells/mL,14,4
08/30/2023 10:28,"APHANOCAPSA SP., COUNT",412,cells/mL,9,4
08/30/2023 10:28,"APHANOTHECE SP., COUNT",328,cells/mL,9,4
08/30/2023 10:28,"ASTERIONELLA SP., COUNT",3,cells/mL,9,4
08/30/2023 10:28,"CENTRALES DIATOMS, COUNT",535,cells/mL,9,4
08/30/2023 10:28,"CHLAMYDOMONAS SP., COUNT",129,cells/mL,9,4
08/30/2023 10:28,"COSMARIUM SP., COUNT",10,cells/mL,9,4
08/30/2023 10:28,"CRUCIGENIA SP., COUNT",210,cells/mL,9,4
08/30/2023 10:28,"CRYPTOMONAS SP., COUNT",3,cells/mL,9,4
08/30/2023 10:28,"DINOBRYON SP., COUNT",94,cells/mL,9,4
08/30/2023 10:28,"GLOEOCYSTIS SP., COUNT",126,cells/mL,9,4
08/30/2023 10:28,"GOLENKINIA SP., COUNT",3,cells/mL,9,4
08/30/2023 10:28,"KOMMA CAUDATA, COUNT",56,cells/mL,9,4
08/30/2023 10:28,"OOCYSTIS SP., COUNT",3,cells/mL,9,4
08/30/2023 10:28,"PENNALES DIATOMS, COUNT",38,cells/mL,9,4
08/30/2023 10:28,"QUADRIGULA SP., COUNT",10,cells/mL,9,4
08/30/2023 10:28,"SCENEDESMUS SP., COUNT",3,cells/mL,9,4
08/30/2023 10:28,"TETRAEDRON SP., COUNT",35,cells/mL,9,4
08/30/2023 10:28,"UROSOLENIA SP., COUNT",28,cells/mL,9,4
08/30/2023 11:30,"APHANOCAPSA SP., COUNT",995,cells/mL,8,4
08/30/2023 11:30,"APHANOTHECE SP., COUNT",1754,cells/mL,8,4
08/30/2023 11:30,"AULACOSEIRA SP., COUNT",31,cells/mL,8,4
08/30/2023 11:30,"CENTRALES DIATOMS, COUNT",1175,cells/mL,8,4
08/30/2023 11:30,"CHLAMYDOMONAS SP., COUNT",164,cells/mL,8,4
08/30/2023 11:30,"COSMARIUM SP., COUNT",31,cells/mL,8,4
08/30/2023 11:30,"CRUCIGENIA SP., COUNT",31,cells/mL,8,4
08/30/2023 11:30,"CRYPTOMONAS SP., COUNT",8,cells/mL,8,4
08/30/2023 11:30,"CYMBELLA SP., COUNT",16,cells/mL,8,4
08/30/2023 11:30,"DINOBRYON SP., COUNT",70,cells/mL,8,4
08/30/2023 11:30,"KOMMA CAUDATA, COUNT",478,cells/mL,8,4
08/30/2023 11:30,"OOCYSTIS SP., COUNT",70,cells/mL,8,4
08/30/2023 11:30,"PENNALES DIATOMS, COUNT",298,cells/mL,8,4
08/30/2023 11:30,"PERIDINIUM SP., COUNT",8,cells/mL,8,4
08/30/2023 11:30,"QUADRIGULA SP., COUNT",39,cells/mL,8,4
08/30/2023 11:30,"TETRAEDRON SP., COUNT",47,cells/mL,8,4
08/30/2023 11:30,"TRACHELOMONAS SP., COUNT",8,cells/mL,8,4
08/30/2023 12:08,"APHANOCAPSA SP., COUNT",1678,cells/mL,6,4
08/30/2023 12:08,"AULACOSEIRA SP., COUNT",59,cells/mL,6,4
08/30/2023 12:08,"CENTRALES DIATOMS, COUNT",806,cells/mL,6,4
08/30/2023 12:08,"CHLAMYDOMONAS SP., COUNT",564,cells/mL,6,4
08/30/2023 12:08,"COSMARIUM SP., COUNT",15,cells/mL,6,4
08/30/2023 12:08,"CRYPTOMONAS SP., COUNT",7,cells/mL,6,4
08/30/2023 12:08,"DINOBRYON SP., COUNT",95,cells/mL,6,4
08/30/2023 12:08,"EUGLENA SP., COUNT",7,cells/mL,6,4
08/30/2023 12:08,"KOMMA CAUDATA, COUNT",549,cells/mL,6,4
08/30/2023 12:08,"PENNALES DIATOMS, COUNT",125,cells/mL,6,4
08/30/2023 12:08,"QUADRIGULA SP., COUNT",22,cells/mL,6,4
08/30/2023 12:08,"TETRAEDRON SP., COUNT",37,cells/mL,6,4
08/30/2023 12:08,"UROSOLENIA SP., COUNT",15,cells/mL,6,4
08/30/2023 12:50,"ANKISTRODESMUS SP., COUNT",467,cells/mL,3,4
08/30/2023 12:50,"CENTRALES DIATOMS, COUNT",328,cells/mL,3,4
08/30/2023 12:50,"CHLAMYDOMONAS SP., COUNT",1072,cells/mL,3,4
08/30/2023 12:50,"COSMARIUM SP., COUNT",13,cells/mL,3,4
08/30/2023 12:50,"DINOBRYON SP., COUNT",896,cells/mL,3,4
08/30/2023 12:50,"KOMMA CAUDATA, COUNT",984,cells/mL,3,4
08/30/2023 12:50,"NAVICULA SP., COUNT",13,cells/mL,3,4
08/30/2023 12:50,"PENNALES DIATOMS, COUNT",25,cells/mL,3,4
08/30/2023 12:50,"PERIDINIUM SP., COUNT",13,cells/mL,3,4
08/30/2023 12:50,"QUADRIGULA SP., COUNT",38,cells/mL,3,4
08/30/2023 12:50,"TETRAEDRON SP., COUNT",88,cells/mL,3,4
08/30/2023 13:18,"ANKISTRODESMUS SP., COUNT",120,cells/mL,1,4
08/30/2023 13:18,"CENTRALES DIATOMS, COUNT",155,cells/mL,1,4
08/30/2023 13:18,"CHLAMYDOMONAS SP., COUNT",1327,cells/mL,1,4
08/30/2023 13:18,"DINOBRYON SP., COUNT",12,cells/mL,1,4
08/30/2023 13:18,"KOMMA CAUDATA, COUNT",1888,cells/mL,1,4
08/30/2023 13:18,"QUADRIGULA SP., COUNT",60,cells/mL,1,4
08/30/2023 13:18,"SELENASTRUM SP., COUNT",24,cells/mL,1,4
08/30/2023 13:18,"TETRAEDRON SP., COUNT",24,cells/mL,1,4
09/05/2023 08:30,"APHANOCAPSA SP., COUNT",2366,cells/mL,9,5
09/05/2023 08:30,"APHANOTHECE SP., COUNT",557,cells/mL,9,5
09/05/2023 08:30,"ASTERIONELLA SP., COUNT",51,cells/mL,9,5
09/05/2023 08:30,"CENTRALES DIATOMS, COUNT",850,cells/mL,9,5
09/05/2023 08:30,"CHLAMYDOMONAS SP., COUNT",505,cells/mL,9,5
09/05/2023 08:30,"CRUCIGENIA SP., COUNT",117,cells/mL,9,5
09/05/2023 08:30,"CRYPTOMONAS SP., COUNT",7,cells/mL,9,5
09/05/2023 08:30,"DINOBRYON SP., COUNT",103,cells/mL,9,5
09/05/2023 08:30,"DYSMORPHOCOCCUS SP., COUNT",7,cells/mL,9,5
09/05/2023 08:30,"EUDORINA SP., COUNT",952,cells/mL,9,5
09/05/2023 08:30,"KOMMA CAUDATA, COUNT",476,cells/mL,9,5
09/05/2023 08:30,"OOCYSTIS SP., COUNT",139,cells/mL,9,5
09/05/2023 08:30,"PENNALES DIATOMS, COUNT",29,cells/mL,9,5
09/05/2023 08:30,"PERIDINIUM SP., COUNT",7,cells/mL,9,5
09/05/2023 08:30,"PSEUDANABAENA SP., COUNT",198,cells/mL,9,5
09/05/2023 08:30,"QUADRIGULA SP., COUNT",15,cells/mL,9,5
09/05/2023 08:30,"TETRAEDRON SP., COUNT",66,cells/mL,9,5
09/05/2023 08:30,"UROSOLENIA SP., COUNT",15,cells/mL,9,5
09/05/2023 08:50,"APHANOCAPSA SP., COUNT",1008,cells/mL,8.5,5
09/05/2023 08:50,"CRYPTOMONAS SP., COUNT",3,cells/mL,8.5,5
09/05/2023 08:50,"CYCLOTELLA SP., COUNT",7,cells/mL,8.5,5
09/05/2023 08:50,"DINOBRYON SP., COUNT",187,cells/mL,8.5,5
09/05/2023 08:50,"GOLENKINIA SP., COUNT",7,cells/mL,8.5,5
09/05/2023 08:50,"KOMMA CAUDATA, COUNT",75,cells/mL,8.5,5
09/05/2023 08:50,"MALLOMONAS SP., COUNT",7,cells/mL,8.5,5
09/05/2023 08:50,"Strombomonas sp., cells/mL",3,cells/mL,8.5,5
09/05/2023 08:50,"SYNEDRA SP., COUNT",3,cells/mL,8.5,5
09/05/2023 08:50,"UROSOLENIA SP., COUNT",17,cells/mL,8.5,5
09/05/2023 09:17,"APHANOCAPSA SP., COUNT",598,cells/mL,8,5
09/05/2023 09:17,"CENTRALES DIATOMS, COUNT",742,cells/mL,8,5
09/05/2023 09:17,"CHLAMYDOMONAS SP., COUNT",462,cells/mL,8,5
09/05/2023 09:17,"COSMARIUM SP., COUNT",15,cells/mL,8,5
09/05/2023 09:17,"CRUCIGENIA SP., COUNT",61,cells/mL,8,5
09/05/2023 09:17,"DICTYOSPHAERIUM SP., COUNT",121,cells/mL,8,5
09/05/2023 09:17,"DIMORPHOCOCCUS SP., COUNT",8,cells/mL,8,5
09/05/2023 09:17,"DINOBRYON SP., COUNT",68,cells/mL,8,5
09/05/2023 09:17,"KOMMA CAUDATA, COUNT",818,cells/mL,8,5
09/05/2023 09:17,"PENNALES DIATOMS, COUNT",129,cells/mL,8,5
09/05/2023 09:17,"PERIDINIUM SP., COUNT",23,cells/mL,8,5
09/05/2023 09:17,"PSEUDANABAENA SP., COUNT",129,cells/mL,8,5
09/05/2023 09:17,"QUADRIGULA SP., COUNT",23,cells/mL,8,5
09/05/2023 09:17,"TETRAEDRON SP., COUNT",30,cells/mL,8,5
09/05/2023 10:02,"APHANOCAPSA SP., COUNT",2281,cells/mL,6,5
09/05/2023 10:02,"CENTRALES DIATOMS, COUNT",370,cells/mL,6,5
09/05/2023 10:02,"CHLAMYDOMONAS SP., COUNT",360,cells/mL,6,5
09/05/2023 10:02,"COELASTRUM SP., COUNT",138,cells/mL,6,5
09/05/2023 10:02,"COSMARIUM SP., COUNT",5,cells/mL,6,5
09/05/2023 10:02,"CRUCIGENIA SP., COUNT",20,cells/mL,6,5
09/05/2023 10:02,"CRYPTOMONAS SP., COUNT",5,cells/mL,6,5
09/05/2023 10:02,"DINOBRYON SP., COUNT",59,cells/mL,6,5
09/05/2023 10:02,"GLOEOCYSTIS SP., COUNT",5,cells/mL,6,5
09/05/2023 10:02,"KOMMA CAUDATA, COUNT",474,cells/mL,6,5
09/05/2023 10:02,"OOCYSTIS SP., COUNT",64,cells/mL,6,5
09/05/2023 10:02,"PENNALES DIATOMS, COUNT",54,cells/mL,6,5
09/05/2023 10:02,"PERIDINIUM SP., COUNT",5,cells/mL,6,5
09/05/2023 10:02,"PSEUDANABAENA SP., COUNT",39,cells/mL,6,5
09/05/2023 10:02,"TETRAEDRON SP., COUNT",59,cells/mL,6,5
09/05/2023 10:02,"UROSOLENIA SP., COUNT",30,cells/mL,6,5
09/05/2023 10:48,"APHANOCAPSA SP., COUNT",850,cells/mL,3,5
09/05/2023 10:48,"ASTERIONELLA SP., COUNT",39,cells/mL,3,5
09/05/2023 10:48,"CENTRALES DIATOMS, COUNT",242,cells/mL,3,5
09/05/2023 10:48,"CHLAMYDOMONAS SP., COUNT",594,cells/mL,3,5
09/05/2023 10:48,"CRUCIGENIA SP., COUNT",19,cells/mL,3,5
09/05/2023 10:48,"DIMORPHOCOCCUS SP., COUNT",10,cells/mL,3,5
09/05/2023 10:48,"DINOBRYON SP., COUNT",29,cells/mL,3,5
09/05/2023 10:48,"GYMNODINIUM SP., COUNT",34,cells/mL,3,5
09/05/2023 10:48,"KOMMA CAUDATA, COUNT",425,cells/mL,3,5
09/05/2023 10:48,"PENNALES DIATOMS, COUNT",14,cells/mL,3,5
09/05/2023 10:48,"PSEUDANABAENA SP., COUNT",246,cells/mL,3,5
09/05/2023 10:48,"QUADRIGULA SP., COUNT",5,cells/mL,3,5
09/05/2023 10:48,"TETRAEDRON SP., COUNT",58,cells/mL,3,5
09/05/2023 10:48,"UROSOLENIA SP., COUNT",5,cells/mL,3,5
09/05/2023 11:25,"AULACOSEIRA SP., COUNT",77,cells/mL,1,5
09/05/2023 11:25,"CENTRALES DIATOMS, COUNT",299,cells/mL,1,5
09/05/2023 11:25,"CHLAMYDOMONAS SP., COUNT",423,cells/mL,1,5
09/05/2023 11:25,"CRYPTOMONAS SP., COUNT",5,cells/mL,1,5
09/05/2023 11:25,"DINOBRYON SP., COUNT",41,cells/mL,1,5
09/05/2023 11:25,"GLOEOCYSTIS SP., COUNT",41,cells/mL,1,5
09/05/2023 11:25,"KOMMA CAUDATA, COUNT",594,cells/mL,1,5
09/05/2023 11:25,"OOCYSTIS SP., COUNT",52,cells/mL,1,5
09/05/2023 11:25,"PENNALES DIATOMS, COUNT",41,cells/mL,1,5
09/05/2023 11:25,"PERIDINIUM SP., COUNT",5,cells/mL,1,5
09/05/2023 11:25,"PSEUDANABAENA SP., COUNT",119,cells/mL,1,5
09/05/2023 11:25,"QUADRIGULA SP., COUNT",21,cells/mL,1,5
09/05/2023 11:25,"TETRAEDRON SP., COUNT",72,cells/mL,1,5
09/05/2023 11:25,"UROSOLENIA SP., COUNT",26,cells/mL,1,5
09/21/2023 00:00,"APHANOCAPSA SP., COUNT",3964,cells/mL,11,6
09/21/2023 00:00,"APHANOCAPSA SP., COUNT",3682,cells/mL,3,6
09/21/2023 00:00,"APHANOCAPSA SP., COUNT",7324,cells/mL,8,6
09/21/2023 00:00,"APHANOCAPSA SP., COUNT",2462,cells/mL,9,6
09/21/2023 00:00,"APHANOCAPSA SP., COUNT",9747,cells/mL,14,6
09/21/2023 00:00,"APHANOTHECE SP., COUNT",458,cells/mL,14,6
09/21/2023 00:00,"CENTRALES DIATOMS, COUNT",103,cells/mL,11,6
09/21/2023 00:00,"CENTRALES DIATOMS, COUNT",97,cells/mL,3,6
09/21/2023 00:00,"CENTRALES DIATOMS, COUNT",435,cells/mL,8,6
09/21/2023 00:00,"CENTRALES DIATOMS, COUNT",152,cells/mL,9,6
09/21/2023 00:00,"CENTRALES DIATOMS, COUNT",315,cells/mL,14,6
09/21/2023 00:00,"CHLAMYDOMONAS SP., COUNT",206,cells/mL,11,6
09/21/2023 00:00,"CHLAMYDOMONAS SP., COUNT",633,cells/mL,3,6
09/21/2023 00:00,"CHLAMYDOMONAS SP., COUNT",1968,cells/mL,8,6
09/21/2023 00:00,"CHLAMYDOMONAS SP., COUNT",152,cells/mL,9,6
09/21/2023 00:00,"CHLAMYDOMONAS SP., COUNT",158,cells/mL,14,6
09/21/2023 00:00,"CHLORELLA SP., COUNT",90,cells/mL,9,6
09/21/2023 00:00,"CHROOCOCCUS SP., COUNT",198,cells/mL,14,6
09/21/2023 00:00,"CLOSTERIUM SP., COUNT",32,cells/mL,3,6
09/21/2023 00:00,"CLOSTERIUM SP., COUNT",44,cells/mL,14,6
09/21/2023 00:00,"COSMARIUM SP., COUNT",3,cells/mL,9,6
09/21/2023 00:00,"CRUCIGENIA SP., COUNT",72,cells/mL,9,6
09/21/2023 00:00,"CRUCIGENIA SP., COUNT",15,cells/mL,14,6
09/21/2023 00:00,"CRYPTOMONAS SP., COUNT",186,cells/mL,11,6
09/21/2023 00:00,"CRYPTOMONAS SP., COUNT",4,cells/mL,14,6
09/21/2023 00:00,"DINOBRYON SP., COUNT",21,cells/mL,11,6
09/21/2023 00:00,"DINOBRYON SP., COUNT",16,cells/mL,3,6
09/21/2023 00:00,"DINOBRYON SP., COUNT",21,cells/mL,9,6
09/21/2023 00:00,"DINOBRYON SP., COUNT",55,cells/mL,14,6
09/21/2023 00:00,"DYSMORPHOCOCCUS SP., COUNT",19,cells/mL,8,6
09/21/2023 00:00,"FRAGILARIA SP., COUNT",24,cells/mL,9,6
09/21/2023 00:00,"GLOEOCYSTIS SP., COUNT",151,cells/mL,8,6
09/21/2023 00:00,"KOMMA CAUDATA, COUNT",6483,cells/mL,11,6
09/21/2023 00:00,"KOMMA CAUDATA, COUNT",4169,cells/mL,3,6
09/21/2023 00:00,"KOMMA CAUDATA, COUNT",2952,cells/mL,8,6
09/21/2023 00:00,"KOMMA CAUDATA, COUNT",254,cells/mL,9,6
09/21/2023 00:00,"KOMMA CAUDATA, COUNT",81,cells/mL,14,6
09/21/2023 00:00,"MERISMOPEDIA SP., COUNT",44,cells/mL,14,6
09/21/2023 00:00,"NAVICULA SP., COUNT",16,cells/mL,3,6
09/21/2023 00:00,"NAVICULA SP., COUNT",3,cells/mL,9,6
09/21/2023 00:00,"NAVICULA SP., COUNT",4,cells/mL,14,6
09/21/2023 00:00,"NOSTOC SP., COUNT",1234,cells/mL,9,6
09/21/2023 00:00,"NOSTOC SP., COUNT",1842,cells/mL,14,6
09/21/2023 00:00,"OOCYSTIS SP., COUNT",57,cells/mL,9,6
09/21/2023 00:00,"OOCYSTIS SP., COUNT",26,cells/mL,14,6
09/21/2023 00:00,"PENNALES DIATOMS, COUNT",57,cells/mL,8,6
09/21/2023 00:00,"PENNALES DIATOMS, COUNT",15,cells/mL,9,6
09/21/2023 00:00,"PENNALES DIATOMS, COUNT",18,cells/mL,14,6
09/21/2023 00:00,"PERIDINIUM SP., COUNT",21,cells/mL,11,6
09/21/2023 00:00,"PERIDINIUM SP., COUNT",7,cells/mL,14,6
09/21/2023 00:00,"PSEUDANABAENA SP., COUNT",681,cells/mL,3,6
09/21/2023 00:00,"PSEUDANABAENA SP., COUNT",51,cells/mL,9,6
09/21/2023 00:00,"PSEUDANABAENA SP., COUNT",40,cells/mL,14,6
09/21/2023 00:00,"SELENASTRUM SP., COUNT",11,cells/mL,14,6
09/21/2023 00:00,"TETRAEDRON SP., COUNT",16,cells/mL,3,6
09/21/2023 00:00,"TETRAEDRON SP., COUNT",114,cells/mL,8,6
09/21/2023 00:00,"TETRAEDRON SP., COUNT",33,cells/mL,9,6
09/21/2023 00:00,"TETRAEDRON SP., COUNT",11,cells/mL,14,6
09/21/2023 00:00,"TREUBARIA SP., COUNT",4,cells/mL,14,6
09/21/2023 00:00,"UROSOLENIA SP., COUNT",19,cells/mL,8,6
09/21/2023 00:00,"UROSOLENIA SP., COUNT",4,cells/mL,14,6
,,,,,
,,,,,
,,,,,
,,,,,
,,,,,
,,,,,
,,,,,
,,,,,
,,,,,
,,,,,
,,,,,
,,,,,
,,,,,
,,,,,
,,,,,
,,,,,
,,,,,
,,,,,
,,,,,
,,,,,
,,,,,
,,,,,
,,,,,
,,,,,
,,,,,
,,,,,
,,,,,
,,,,,
,,,,,
,,,,,
,,,,,
,,,,,
,,,,,
,,,,,
,,,,,
,,,,,
,,,,,
,,,,,
,,,,,
,,,,,
,,,,,
,,,,,
,,,,,
,,,,,
,,,,,
,,,,,
,,,,,
,,,,,
,,,,,
,,,,,
,,,,,
,,,,,
,,,,,
,,,,,
,,,,,
,,,,,
,,,,,
,,,,,
,,,,,
,,,,,
,,,,,