Site Name ,Site ID,Date,Time (CDT),Discharge (CFS),Total Phosphorus (mg/L)
Bay City Creek at Hwy 13,BCC,4/8/14,10:26,17.98,0.1289
Bay City Creek at Hwy 13,BCC,4/10/14,12:40,76,0.2479
Bay City Creek at Hwy 13,BCC,4/21/14,19:10,160,0.5595
Bay City Creek at Hwy 13,BCC,5/7/14,10:35,4.9,0.0675
Bay City Creek at Hwy 13,BCC,5/9/14,10:30,81,0.2728
Bay City Creek at Hwy 13,BCC,5/19/14,14:30,3.9,0.0718
Bay City Creek at Hwy 13,BCC,5/20/14,14:33,25,0.2244
Bay City Creek at Hwy 13,BCC,6/4/14,14:30,0.5,0.078
Bay City Creek at Hwy 13,BCC,6/16/14,16:30,3.2,0.1274
Bay City Creek at Hwy 13,BCC,7/1/14,8:39,0.5,0.1024
Bay City Creek at Hwy 13,BCC,7/16/14,9:53,0.04,0.1341
Bay City Creek at Hwy 13,BCC,7/28/14,14:45,0.04,0.118
Bay City Creek at Hwy 13,BCC,8/14/14,15:58,,0.1225
Bay City Creek at Hwy 13,BCC,8/25/14,9:55,64.76,0.3574
Bay City Creek at Hwy 13,BCC,9/11/14,9:01,,0.1564
Bay City Creek at Hwy 13,BCC,9/29/14,14:05,,0.22
Bay City Creek at Hwy 13,BCC,10/14/14,11:55,1.198,0.1652
Bay City Creek at Hwy 13,BCC,11/6/14,17:00,,0.067
Bay City Creek at Hwy 13,BCC,12/9/14,11:45,0.25,0.0524
Bay City Creek at Hwy 13,BCC,12/15/14,14:10,27.1,0.1558
Bay City Creek at Hwy 13,BCC,1/22/15,11:00,0.013,0.0478
Bay City Creek at Hwy 13,BCC,3/17/15,15:00,21.8,0.1257
Bay City Creek at Hwy 13,BCC,3/30/15,16:45,1.11,0.0561
Bay City Creek at Hwy 13,BCC,4/20/15,16:50,20.9,0.2189
Bay City Creek at Hwy 13,BCC,5/4/15,12:30,0.136,0.0644
Bay City Creek at Hwy 13,BCC,5/18/15,11:30,3.24,0.0633
Bay City Creek at Hwy 13,BCC,6/2/15,16:15,0.22,0.0611
Bay City Creek at Hwy 13,BCC,6/4/15,9:15,9.2,0.2516
Bay City Creek at Hwy 13,BCC,6/16/15,16:15,0.61,0.1223
Bay City Creek at Hwy 13,BCC,6/30/15,15:15,0.03,0.1536
Bay City Creek at Hwy 13,BCC,7/14/15,13:15,4.2,0.1233
Bay City Creek at Hwy 13,BCC,7/28/15,9:21,0.0025,0.2144
Bay City Creek at Hwy 13,BCC,8/11/15,9:30,0.004,0.0864
Bay City Creek at Hwy 13,BCC,8/19/15,9:05,1.035,0.1274
Bay City Creek at Hwy 13,BCC,8/25/15,15:45,0.05,0.0964
Bay City Creek at Hwy 13,BCC,9/8/15,15:20,0.013,0.1133
Bay City Creek at Hwy 13,BCC,9/22/15,13:45,0.00001,0.1811
Bay City Creek at Hwy 13,BCC,10/6/15,12:30,0.00001,0.1677
Bay City Creek at Hwy 13,BCC,10/20/15,16:40,0.00001,0.3206
Bay City Creek at Hwy 13,BCC,11/3/15,12:15,0.064,0.0832
Bay City Creek at Hwy 13,BCC,3/10/16,12:00,33.8,0.121
Bay City Creek at Hwy 13,BCC,3/11/16,18:30,38.2,0.2218
Bay City Creek at Hwy 13,BCC,3/28/16,16:10,14.2,0.1297
Bay City Creek at Hwy 13,BCC,4/14/16,13:15,4.78,0.0871
Bay City Creek at Hwy 13,BCC,4/25/16,8:45,72,0.5065
Bay City Creek at Hwy 13,BCC,5/9/16,16:20,0.49,0.0646
Bay City Creek at Hwy 13,BCC,5/23/16,9:20,0.19,0.0818
Bay City Creek at Hwy 13,BCC,6/14/16,9:20,3.5,0.0859
Bay City Creek at Hwy 13,BCC,6/27/16,14:25,0.24,0.121
Bay City Creek at Hwy 13,BCC,6/30/16,14:00,4.96,0.337
Bay City Creek at Hwy 13,BCC,7/11/16,10:00,5.96,0.332
Bay City Creek at Hwy 13,BCC,7/12/16,14:35,149,1.06
Bay City Creek at Hwy 13,BCC,7/26/16,16:15,0.047,0.107
Bay City Creek at Hwy 13,BCC,8/8/16,16:50,0.008,0.154
Bay City Creek at Hwy 13,BCC,8/22/16,16:00,0.03,0.0965
Bay City Creek at Hwy 13,BCC,9/6/16,15:20,0.73,0.155
Bono Creek at Bjork Rd,BCBR,4/30/14,14:45,72.81,0.3448
Bono Creek at Bjork Rd,BCBR,7/15/14,11:15,0.07,0.0749
Bono Creek at Bjork Rd,BCBR,8/12/14,12:00,0.08,0.0512
Bono Creek at Bjork Rd,BCBR,9/10/14,16:30,28,0.3366
Bono Creek at Bjork Rd,BCBR,10/15/14,12:40,0.2,0.0808
Bono Creek at Bjork Rd,BCBR,11/6/14,15:30,0.53,0.0484
Bono Creek at Bjork Rd,BCBR,3/30/15,14:15,0.29,0.1428
Bono Creek at Bjork Rd,BCBR,4/21/15,14:00,3.86,0.1453
Bono Creek at Bjork Rd,BCBR,4/27/15,14:00,0.54,0.1433
Bono Creek at Bjork Rd,BCBR,5/18/15,11:55,6.35,0.1939
Bono Creek at Bjork Rd,BCBR,6/16/15,13:15,0.14,0.143
Bono Creek at Bjork Rd,BCBR,7/14/15,12:40,0.06,0.0678
Bono Creek at Bjork Rd,BCBR,7/30/15,13:00,0.07,0.067
Bono Creek at Bjork Rd,BCBR,8/7/15,14:15,NA,0.0619
Bono Creek at Bjork Rd,BCBR,8/11/15,11:00,NA,0.0438
Bono Creek at Bjork Rd,BCBR,8/19/15,12:25,NA,0.1703
Bono Creek at Bjork Rd,BCBR,8/25/15,14:45,NA,0.0441
Bono Creek at Bjork Rd,BCBR,9/8/15,11:05,NA,0.0514
Bono Creek at Bjork Rd,BCBR,9/22/15,12:40,NA,0.0613
Bono Creek at Bjork Rd,BCBR,10/6/15,11:45,NA,0.0438
Bono Creek at Bjork Rd,BCBR,10/20/15,15:10,NA,0.0478
Bono Creek at Bjork Rd,BCBR,11/3/15,10:50,0.15,0.0783
Bono Creek at Bjork Rd,BCBR,12/8/15,11:00,0.51,0.1827
Bono Creek at Bjork Rd,BCBR,3/11/16,18:00,44.86,0.3847
Bono Creek at Bjork Rd,BCBR,4/25/16,14:40,48.12,0.3905
Bono Creek at Bjork Rd,BCBR,5/23/16,13:20,0.19,0.0603
Bono Creek at Bjork Rd,BCBR,6/14/16,11:35,0.25,0.1015
Bono Creek at Bjork Rd,BCBR,6/27/16,13:20,0.03,0.06
Bono Creek at Bjork Rd,BCBR,6/30/16,12:35,0.17,0.043
Bono Creek at Bjork Rd,BCBR,7/11/16,11:55,0.9,0.164
Bono Creek at Bjork Rd,BCBR,7/12/16,12:20,22.45,0.271
Bono Creek at Bjork Rd,BCBR,7/26/16,11:55,0.03,0.069
Bono Creek at Bjork Rd,BCBR,8/8/16,12:00,0.04,0.056
Bono Creek at Bjork Rd,BCBR,8/22/16,12:15,0.18,0.0504
Bono Creek at Bjork Rd,BCBR,9/6/16,14:00,0.3,0.0398
Little Sioux River at Friendly Valley Rd.,LTLS,4/22/14,11:20,59.391,0.2276
Little Sioux River at Friendly Valley Rd.,LTLS,5/30/14,12:15,14.123,0.0324
Little Sioux River at Friendly Valley Rd.,LTLS,6/16/14,11:35,20.815,0.0517
Little Sioux River at Friendly Valley Rd.,LTLS,7/14/14,12:11,12.07,0.0352
Little Sioux River at Friendly Valley Rd.,LTLS,8/12/14,10:23,11.2,0.0273
Little Sioux River at Friendly Valley Rd.,LTLS,10/15/14,10:10,11.74,0.025
Little Sioux River at Friendly Valley Rd.,LTLS,1/29/15,14:30,12.114,0.0304
Little Sioux River at Friendly Valley Rd.,LTLS,3/30/15,14:50,11,0.0401
Little Sioux River at Friendly Valley Rd.,LTLS,4/21/15,14:40,17.668,0.0704
Little Sioux River at Friendly Valley Rd.,LTLS,5/18/15,12:40,15.517,0.0454
Little Sioux River at Friendly Valley Rd.,LTLS,6/16/15,14:15,13.694,0.0268
Little Sioux River at Friendly Valley Rd.,LTLS,7/28/15,16:00,11.842,0.0298
Little Sioux River at Friendly Valley Rd.,LTLS,8/25/15,12:15,NA,0.0266
Little Sioux River at Friendly Valley Rd.,LTLS,9/22/15,11:50,NA,0.0273
Little Sioux River at Friendly Valley Rd.,LTLS,10/20/15,15:50,NA,0.0234
Little Sioux River at Friendly Valley Rd.,LTLS,3/11/16,18:45,29.399,0.2111
Little Sioux River at Friendly Valley Rd.,LTLS,4/25/16,14:00,104.371,0.4045
Little Sioux River at Friendly Valley Rd.,LTLS,5/23/16,14:20,42.063,0.0254
Little Sioux River at Friendly Valley Rd.,LTLS,6/14/16,10:35,,0.0286
Little Sioux River at Friendly Valley Rd.,LTLS,7/11/16,11:00,23.4,1.39
Little Sioux River at Friendly Valley Rd.,LTLS,7/12/16,13:10,70.073,0.379
Little Sioux River at Friendly Valley Rd.,LTLS,8/8/16,10:00,12.661,0.031
North Fish Creek at Hwy 2 Near Ino,NF2I,4/21/14,12:05,151.2,0.1152
North Fish Creek at Hwy 2 Near Ino,NF2I,7/15/14,14:51,2.3,0.0651
North Fish Creek at Hwy 2 Near Ino,NF2I,8/12/14,13:30,2,0.0543
North Fish Creek at Hwy 2 Near Ino,NF2I,9/10/14,12:45,315.9,0.1073
North Fish Creek at Hwy 2 Near Ino,NF2I,9/11/14,12:45,79.5,0.1091
North Fish Creek at Hwy 2 Near Ino,NF2I,10/15/14,14:10,3.1,0.0496
North Fish Creek at Hwy 2 Near Ino,NF2I,3/6/15,10:30,1.9,0.0347
North Fish Creek at Hwy 2 Near Ino,NF2I,3/30/15,12:45,5.9,0.0636
North Fish Creek at Hwy 2 Near Ino,NF2I,4/21/15,10:50,24.4,0.0884
North Fish Creek at Hwy 2 Near Ino,NF2I,5/18/15,10:20,9.4,0.0874
North Fish Creek at Hwy 2 Near Ino,NF2I,6/16/15,10:45,1.9,0.057
North Fish Creek at Hwy 2 Near Ino,NF2I,7/28/15,13:15,1.6,0.0468
North Fish Creek at Hwy 2 Near Ino,NF2I,8/25/15,15:15,NA,0.0811
North Fish Creek at Hwy 2 Near Ino,NF2I,9/22/15,10:20,NA,0.0345
North Fish Creek at Hwy 2 Near Ino,NF2I,10/20/15,13:20,NA,0.0225
North Fish Creek at Hwy 2 Near Ino,NF2I,3/12/16,15:30,98.5,0.1599
North Fish Creek at Hwy 2 Near Ino,NF2I,5/23/16,10:10,2.1,0.0508
North Fish Creek at Hwy 2 Near Ino,NF2I,6/14/16,12:40,6,0.1122
North Fish Creek at Hwy 2 Near Ino,NF2I,7/11/16,13:00,2.7,0.063
North Fish Creek at Hwy 2 Near Ino,NF2I,7/12/16,11:10,556.5,0.212
North Fish Creek at Hwy 2 Near Ino,NF2I,8/9/16,12:55,1.5,0.023
North Fish Creek at Old Hwy 2,NFO2,4/21/14,15:00,583,0.7646
North Fish Creek at Old Hwy 2,NFO2,4/23/14,13:45,212,0.151
North Fish Creek at Old Hwy 2,NFO2,5/30/14,15:45,55.4,0.0196
North Fish Creek at Old Hwy 2,NFO2,6/4/14,13:00,58.4,0.0276
North Fish Creek at Old Hwy 2,NFO2,6/16/14,14:45,61.5,0.0981
North Fish Creek at Old Hwy 2,NFO2,6/30/14,13:45,55.4,0.0241
North Fish Creek at Old Hwy 2,NFO2,7/8/14,13:15,66.2,0.0432
North Fish Creek at Old Hwy 2,NFO2,7/14/14,16:15,58.4,0.0271
North Fish Creek at Old Hwy 2,NFO2,7/15/14,10:45,56.9,0.0247
North Fish Creek at Old Hwy 2,NFO2,7/22/14,11:30,61.5,0.0467
North Fish Creek at Old Hwy 2,NFO2,7/28/14,12:30,52.4,0.018
North Fish Creek at Old Hwy 2,NFO2,7/29/14,11:30,50.9,0.0187
North Fish Creek at Old Hwy 2,NFO2,8/5/14,11:15,52.4,0.0213
North Fish Creek at Old Hwy 2,NFO2,8/11/14,14:30,52.4,0.0247
North Fish Creek at Old Hwy 2,NFO2,8/12/14,11:15,51,0.0172
North Fish Creek at Old Hwy 2,NFO2,8/19/14,11:00,55.4,0.0176
North Fish Creek at Old Hwy 2,NFO2,8/25/14,13:30,210,0.3576
North Fish Creek at Old Hwy 2,NFO2,9/10/14,12:00,736,0.5382
North Fish Creek at Old Hwy 2,NFO2,9/29/14,12:45,59.9,0.0186
North Fish Creek at Old Hwy 2,NFO2,10/14/14,14:15,56.9,0.023
North Fish Creek at Old Hwy 2,NFO2,11/6/14,15:30,55.4,0.0145
North Fish Creek at Old Hwy 2,NFO2,12/9/14,15:00,56.9,0.0205
North Fish Creek at Old Hwy 2,NFO2,3/6/15,13:30,52,0.0166
North Fish Creek at Old Hwy 2,NFO2,3/17/15,14:15,94,0.1032
North Fish Creek at Old Hwy 2,NFO2,3/30/15,13:30,60,0.0269
North Fish Creek at Old Hwy 2,NFO2,4/20/15,13:45,130,0.1733
North Fish Creek at Old Hwy 2,NFO2,5/4/15,10:45,53.9,0.026
North Fish Creek at Old Hwy 2,NFO2,5/12/15,11:30,87.4,0.0682
North Fish Creek at Old Hwy 2,NFO2,5/18/15,11:15,71,0.038
North Fish Creek at Old Hwy 2,NFO2,5/19/15,11:45,66,0.0354
North Fish Creek at Old Hwy 2,NFO2,6/2/15,11:15,55,0.0222
North Fish Creek at Old Hwy 2,NFO2,6/3/15,14:15,53.9,0.0211
North Fish Creek at Old Hwy 2,NFO2,6/4/15,10:45,149,0.2908
North Fish Creek at Old Hwy 2,NFO2,6/5/15,10:45,75.8,0.08
North Fish Creek at Old Hwy 2,NFO2,6/9/15,10:45,54,0.0354
North Fish Creek at Old Hwy 2,NFO2,6/16/15,10:00,49,0.0215
North Fish Creek at Old Hwy 2,NFO2,6/23/15,10:15,49,0.021
North Fish Creek at Old Hwy 2,NFO2,6/30/15,10:30,55,0.0368
North Fish Creek at Old Hwy 2,NFO2,7/7/15,10:15,68,0.0737
North Fish Creek at Old Hwy 2,NFO2,7/15/15,10:00,,0.0307
North Fish Creek at Old Hwy 2,NFO2,7/20/15,11:00,52,0.025
North Fish Creek at Old Hwy 2,NFO2,7/28/15,11:00,54,0.0207
North Fish Creek at Old Hwy 2,NFO2,8/4/15,10:15,54,0.0179
North Fish Creek at Old Hwy 2,NFO2,8/11/15,10:30,54,0.0182
North Fish Creek at Old Hwy 2,NFO2,8/18/15,11:00,55,0.0169
North Fish Creek at Old Hwy 2,NFO2,8/19/15,15:00,391,1.254
North Fish Creek at Old Hwy 2,NFO2,8/20/15,11:30,142,0.1563
North Fish Creek at Old Hwy 2,NFO2,8/25/15,10:45,54,0.0338
North Fish Creek at Old Hwy 2,NFO2,9/8/15,13:15,52,0.0234
North Fish Creek at Old Hwy 2,NFO2,9/22/15,11:00,52,0.0215
North Fish Creek at Old Hwy 2,NFO2,10/6/15,10:15,51,0.0148
North Fish Creek at Old Hwy 2,NFO2,10/20/15,14:00,52,0.0182
North Fish Creek at Old Hwy 2,NFO2,11/3/15,11:30,55,0.0296
North Fish Creek at Old Hwy 2,NFO2,12/8/15,11:15,63,0.0436
North Fish Creek at Old Hwy 2,NFO2,3/8/16,17:00,221,1.2865
North Fish Creek at Old Hwy 2,NFO2,3/9/16,15:00,383,2.746
North Fish Creek at Old Hwy 2,NFO2,3/9/16,16:15,371,0.2512
North Fish Creek at Old Hwy 2,NFO2,3/10/16,0:00,276,0.1871
North Fish Creek at Old Hwy 2,NFO2,3/10/16,12:00,189,0.141
North Fish Creek at Old Hwy 2,NFO2,3/10/16,19:15,244,0.1646
North Fish Creek at Old Hwy 2,NFO2,3/10/16,23:15,237,0.1554
North Fish Creek at Old Hwy 2,NFO2,3/11/16,13:45,162,0.1176
North Fish Creek at Old Hwy 2,NFO2,3/11/16,15:30,200,0.1271
North Fish Creek at Old Hwy 2,NFO2,3/11/16,17:15,253,0.1776
North Fish Creek at Old Hwy 2,NFO2,3/11/16,17:30,262,0.1777
North Fish Creek at Old Hwy 2,NFO2,3/11/16,21:30,297,0.1979
North Fish Creek at Old Hwy 2,NFO2,3/11/16,23:30,271,0.1955
North Fish Creek at Old Hwy 2,NFO2,3/12/16,7:30,213,0.1363
North Fish Creek at Old Hwy 2,NFO2,3/12/16,11:30,191,0.1281
North Fish Creek at Old Hwy 2,NFO2,3/12/16,16:00,253,0.1918
North Fish Creek at Old Hwy 2,NFO2,3/12/16,18:00,304,0.2246
North Fish Creek at Old Hwy 2,NFO2,3/12/16,18:45,312,0.261
North Fish Creek at Old Hwy 2,NFO2,3/12/16,19:00,312,0.2534
North Fish Creek at Old Hwy 2,NFO2,3/15/16,16:45,276,1.636
North Fish Creek at Old Hwy 2,NFO2,3/15/16,18:45,867,2.323
North Fish Creek at Old Hwy 2,NFO2,3/15/16,20:45,836,1.37
North Fish Creek at Old Hwy 2,NFO2,3/15/16,22:45,661,0.7835
North Fish Creek at Old Hwy 2,NFO2,3/16/16,0:45,793,0.777
North Fish Creek at Old Hwy 2,NFO2,3/16/16,2:45,1360,1.674
North Fish Creek at Old Hwy 2,NFO2,3/16/16,4:45,2144,2.256
North Fish Creek at Old Hwy 2,NFO2,3/16/16,6:45,2335,2.249
North Fish Creek at Old Hwy 2,NFO2,3/16/16,8:45,2059,1.969
North Fish Creek at Old Hwy 2,NFO2,3/16/16,10:45,1815,1.248
North Fish Creek at Old Hwy 2,NFO2,3/16/16,12:45,1416,0.919
North Fish Creek at Old Hwy 2,NFO2,3/16/16,14:45,1158,0.702
North Fish Creek at Old Hwy 2,NFO2,3/28/16,13:45,125,0.1869
North Fish Creek at Old Hwy 2,NFO2,3/30/16,14:15,241,0.3046
North Fish Creek at Old Hwy 2,NFO2,3/30/16,16:15,309,0.3492
North Fish Creek at Old Hwy 2,NFO2,3/30/16,18:15,290,0.3634
North Fish Creek at Old Hwy 2,NFO2,3/30/16,20:15,267,0.2914
North Fish Creek at Old Hwy 2,NFO2,3/30/16,22:15,246,0.227
North Fish Creek at Old Hwy 2,NFO2,3/31/16,0:15,226,0.2048
North Fish Creek at Old Hwy 2,NFO2,4/14/16,11:00,110,0.0581
North Fish Creek at Old Hwy 2,NFO2,4/25/16,14:15,404,0.698
North Fish Creek at Old Hwy 2,NFO2,5/9/16,12:15,59.8,0.016
North Fish Creek at Old Hwy 2,NFO2,5/23/16,10:30,56.7,0.017
North Fish Creek at Old Hwy 2,NFO2,5/24/16,0:15,122,0.861
North Fish Creek at Old Hwy 2,NFO2,5/24/16,2:15,710,2.048
North Fish Creek at Old Hwy 2,NFO2,5/24/16,4:15,512,1.075
North Fish Creek at Old Hwy 2,NFO2,5/24/16,6:15,367,0.721
North Fish Creek at Old Hwy 2,NFO2,5/24/16,8:15,324,0.6
North Fish Creek at Old Hwy 2,NFO2,5/24/16,10:15,304,0.4095
North Fish Creek at Old Hwy 2,NFO2,5/24/16,12:15,271,0.3025
North Fish Creek at Old Hwy 2,NFO2,5/24/16,14:15,239,0.261
North Fish Creek at Old Hwy 2,NFO2,5/24/16,16:15,214,0.22
North Fish Creek at Old Hwy 2,NFO2,5/24/16,18:15,191,0.2055
North Fish Creek at Old Hwy 2,NFO2,6/13/16,13:15,78,0.059
North Fish Creek at Old Hwy 2,NFO2,6/16/16,13:45,127.9,0.172
North Fish Creek at Old Hwy 2,NFO2,6/27/16,11:00,51.1,0.023
North Fish Creek at Old Hwy 2,NFO2,6/30/16,11:30,59,0.061
North Fish Creek at Old Hwy 2,NFO2,7/11/16,15:15,48,0.266
North Fish Creek at Old Hwy 2,NFO2,7/11/16,20:00,562,7.04
North Fish Creek at Old Hwy 2,NFO2,7/11/16,22:00,2647,7.08
North Fish Creek at Old Hwy 2,NFO2,7/12/16,0:00,2974,3.72
North Fish Creek at Old Hwy 2,NFO2,7/12/16,2:00,2530,2.56
North Fish Creek at Old Hwy 2,NFO2,7/12/16,4:00,2097,1.99
North Fish Creek at Old Hwy 2,NFO2,7/12/16,6:00,1661,1.44
North Fish Creek at Old Hwy 2,NFO2,7/12/16,8:00,1292,1.23
North Fish Creek at Old Hwy 2,NFO2,7/12/16,10:00,1062,0.965
North Fish Creek at Old Hwy 2,NFO2,7/12/16,12:00,854,0.74
North Fish Creek at Old Hwy 2,NFO2,7/12/16,13:30,728,0.785
North Fish Creek at Old Hwy 2,NFO2,7/12/16,14:00,687,0.635
North Fish Creek at Old Hwy 2,NFO2,7/12/16,16:00,559,0.54
North Fish Creek at Old Hwy 2,NFO2,7/26/16,15:30,50,0.029
North Fish Creek at Old Hwy 2,NFO2,8/8/16,15:30,50,0.019
North Fish Creek at Old Hwy 2,NFO2,8/8/16,16:00,48,0.03
North Fish Creek at Old Hwy 2,NFO2,8/22/16,12:45,52,0.0166
North Fish Creek at Old Hwy 2,NFO2,8/22/16,12:45,52,0.0254
North Fish Creek at Old Hwy 2,NFO2,9/5/16,8:15,72,0.1489
North Fish Creek at Old Hwy 2,NFO2,9/5/16,10:15,68,0.1174
North Fish Creek at Old Hwy 2,NFO2,9/5/16,14:15,60,0.0806
North Fish Creek at Old Hwy 2,NFO2,9/5/16,22:15,58,0.0356
North Fish Creek at Old Hwy 2,NFO2,9/6/16,2:15,60,0.1131
North Fish Creek at Old Hwy 2,NFO2,9/6/16,4:15,68,0.2828
North Fish Creek at Old Hwy 2,NFO2,9/6/16,13:00,107,0.533
Pine Creek at Old Hwy 2,PCO2,4/22/14,13:05:00,58.4,0.1925
Pine Creek at Old Hwy 2,PCO2,4/23/14,13:20:00,40,0.1012
Pine Creek at Old Hwy 2,PCO2,5/30/14,14:35:00,19,0.0229
Pine Creek at Old Hwy 2,PCO2,6/16/14,12:26:00,25.5,0.0608
Pine Creek at Old Hwy 2,PCO2,7/8/14,13:30,19.2,0.042
Pine Creek at Old Hwy 2,PCO2,7/14/14,15:30,19.2,0.0232
Pine Creek at Old Hwy 2,PCO2,7/15/14,11:00,19.9,0.0243
Pine Creek at Old Hwy 2,PCO2,7/22/14,11:45,19.9,0.057
Pine Creek at Old Hwy 2,PCO2,7/29/14,11:42,19.9,0.0243
Pine Creek at Old Hwy 2,PCO2,8/5/14,11:30,19.9,0.0223
Pine Creek at Old Hwy 2,PCO2,8/12/14,11:22,19.2,0.0239
Pine Creek at Old Hwy 2,PCO2,8/12/14,15:31,19.2,0.0239
Pine Creek at Old Hwy 2,PCO2,8/19/14,11:10,21.9,0.0301
Pine Creek at Old Hwy 2,PCO2,8/25/14,12:22,38.7,0.3207
Pine Creek at Old Hwy 2,PCO2,9/2/14,10:55,28.7,0.1053
Pine Creek at Old Hwy 2,PCO2,9/11/14,15:20,30.2,0.0867
Pine Creek at Old Hwy 2,PCO2,10/15/14,15:55,19.6,0.0174
Pine Creek at Old Hwy 2,PCO2,1/29/15,15:36,19.8,0.026
Pine Creek at Old Hwy 2,PCO2,3/6/15,13:15,19.7,0.0206
Pine Creek at Old Hwy 2,PCO2,3/30/15,13:30,24,0.0316
Pine Creek at Old Hwy 2,PCO2,4/20/15,13:45,51.8,0.2827
Pine Creek at Old Hwy 2,PCO2,5/12/15,11:45,30,0.0501
Pine Creek at Old Hwy 2,PCO2,5/18/15,11:20,25.2,0.0381
Pine Creek at Old Hwy 2,PCO2,5/19/15,11:50,22.2,0.0273
Pine Creek at Old Hwy 2,PCO2,6/2/15,11:00,19.9,0.0222
Pine Creek at Old Hwy 2,PCO2,6/3/15,14:10,18.9,0.0211
Pine Creek at Old Hwy 2,PCO2,6/4/15,10:58,54.1,0.2981
Pine Creek at Old Hwy 2,PCO2,6/5/15,10:45,24.3,0.0527
Pine Creek at Old Hwy 2,PCO2,6/9/15,10:35,19.9,0.0268
Pine Creek at Old Hwy 2,PCO2,6/16/15,10:00,18.4,0.0243
Pine Creek at Old Hwy 2,PCO2,6/23/15,10:05,18.4,0.0266
Pine Creek at Old Hwy 2,PCO2,6/30/15,10:25,19.1,0.0303
Pine Creek at Old Hwy 2,PCO2,7/7/15,10:05,19.6,0.0372
Pine Creek at Old Hwy 2,PCO2,7/14/15,9:55,19.6,0.0337
Pine Creek at Old Hwy 2,PCO2,7/20/15,10:55,19.4,0.0276
Pine Creek at Old Hwy 2,PCO2,7/28/15,11:00,17,0.0287
Pine Creek at Old Hwy 2,PCO2,7/29/15,12:35,17.4,0.0286
Pine Creek at Old Hwy 2,PCO2,8/4/15,10:05,NA,0.0277
Pine Creek at Old Hwy 2,PCO2,8/11/15,10:25,NA,0.024
Pine Creek at Old Hwy 2,PCO2,8/18/15,10:52,NA,0.0237
Pine Creek at Old Hwy 2,PCO2,8/19/15,14:47,NA,0.976
Pine Creek at Old Hwy 2,PCO2,8/20/15,11:15,NA,0.0597
Pine Creek at Old Hwy 2,PCO2,8/25/15,10:35,NA,0.0275
Pine Creek at Old Hwy 2,PCO2,9/22/15,11:10,NA,0.0181
Pine Creek at Old Hwy 2,PCO2,10/20/15,14:00,NA,0.0153
Pine Creek at Old Hwy 2,PCO2,3/9/16,17:00,103.2,0.1737
Pine Creek at Old Hwy 2,PCO2,3/12/16,15:15,98.6,0.2434
Pine Creek at Old Hwy 2,PCO2,4/25/16,14:20,114.1,0.4715
Pine Creek at Old Hwy 2,PCO2,5/23/16,10:45,22.2,0.0197
Pine Creek at Old Hwy 2,PCO2,6/14/16,12:25,23,0.0353
Pine Creek at Old Hwy 2,PCO2,7/11/16,16:00,19.1,0.053
Pine Creek at Old Hwy 2,PCO2,7/12/16,10:35,86.8,0.475
Pine Creek at Old Hwy 2,PCO2,8/8/16,16:10,18.6,0.028
Sioux River at Big Rock Rd,SXBR,4/10/14,9:35,249.7,0.2935
Sioux River at Big Rock Rd,SXBR,4/21/14,18:00,490.7,1.0912
Sioux River at Big Rock Rd,SXBR,5/9/14,13:55,236.2,0.4397
Sioux River at Big Rock Rd,SXBR,5/30/14,10:50,23.9,0.0332
Sioux River at Big Rock Rd,SXBR,6/4/14,10:30,31.9,0.0663
Sioux River at Big Rock Rd,SXBR,6/16/14,10:25,47.4,0.147
Sioux River at Big Rock Rd,SXBR,6/30/14,11:13,27.5,0.0747
Sioux River at Big Rock Rd,SXBR,7/14/14,13:51,21,0.0344
Sioux River at Big Rock Rd,SXBR,7/28/14,10:33,19,0.032
Sioux River at Big Rock Rd,SXBR,8/11/14,10:46,21,0.0307
Sioux River at Big Rock Rd,SXBR,8/25/14,11:45,72,0.6384
Sioux River at Big Rock Rd,SXBR,9/10/14,11:30,313,0.5627
Sioux River at Big Rock Rd,SXBR,9/29/14,12:05,23,0.0306
Sioux River at Big Rock Rd,SXBR,10/14/14,10:20,23,0.0329
Sioux River at Big Rock Rd,SXBR,11/6/14,14:45,24,0.0283
Sioux River at Big Rock Rd,SXBR,12/9/14,13:45,23,0.0367
Sioux River at Big Rock Rd,SXBR,12/15/14,12:25,100,0.158
Sioux River at Big Rock Rd,SXBR,1/22/15,15:55,21,0.04
Sioux River at Big Rock Rd,SXBR,3/5/15,13:15,20,0.039
Sioux River at Big Rock Rd,SXBR,3/12/15,14:00,39,0.1094
Sioux River at Big Rock Rd,SXBR,3/17/15,13:45,53,0.1057
Sioux River at Big Rock Rd,SXBR,3/30/15,14:40,33,0.058
Sioux River at Big Rock Rd,SXBR,4/20/15,15:45,119,0.258
Sioux River at Big Rock Rd,SXBR,5/4/15,11:15,23,0.0331
Sioux River at Big Rock Rd,SXBR,5/18/15,12:15,53,0.0843
Sioux River at Big Rock Rd,SXBR,6/2/15,14:00,26,0.035
Sioux River at Big Rock Rd,SXBR,6/4/15,11:00,305,1.165
Sioux River at Big Rock Rd,SXBR,6/4/15,16:10,128,0.432
Sioux River at Big Rock Rd,SXBR,6/16/15,13:50,23,0.032
Sioux River at Big Rock Rd,SXBR,6/30/15,13:00,24,0.043
Sioux River at Big Rock Rd,SXBR,7/14/15,10:40,22,0.0387
Sioux River at Big Rock Rd,SXBR,7/29/15,10:50,22,0.0364
Sioux River at Big Rock Rd,SXBR,8/11/15,10:15,22,0.0315
Sioux River at Big Rock Rd,SXBR,8/19/15,11:55,99,0.2632
Sioux River at Big Rock Rd,SXBR,8/25/15,14:00,22,0.0428
Sioux River at Big Rock Rd,SXBR,9/8/15,9:40,22,0.0328
Sioux River at Big Rock Rd,SXBR,9/22/15,12:10,22,0.0316
Sioux River at Big Rock Rd,SXBR,10/6/15,11:05,24,0.0281
Sioux River at Big Rock Rd,SXBR,10/20/15,15:40,22,0.0291
Sioux River at Big Rock Rd,SXBR,11/3/15,10:15,24,0.0357
Sioux River at Big Rock Rd,SXBR,12/8/15,10:30,29,0.0652
Sioux River at Big Rock Rd,SXBR,3/8/16,18:45,82,0.1949
Sioux River at Big Rock Rd,SXBR,3/11/16,18:30,103,0.1969
Sioux River at Big Rock Rd,SXBR,3/12/16,19:45,223,0.3828
Sioux River at Big Rock Rd,SXBR,3/16/16,12:30,1627.4,1.5265
Sioux River at Big Rock Rd,SXBR,3/16/16,15:15,761.1,1.002
Sioux River at Big Rock Rd,SXBR,3/28/16,15:30,52.8,0.0861
Sioux River at Big Rock Rd,SXBR,4/14/16,12:00,55,0.1044
Sioux River at Big Rock Rd,SXBR,4/25/16,16:15,329,0.579
Sioux River at Big Rock Rd,SXBR,5/9/16,15:30,26,0.0282
Sioux River at Big Rock Rd,SXBR,5/23/16,14:00,26,0.0261
Sioux River at Big Rock Rd,SXBR,6/14/16,10:40,26,0.0266
Sioux River at Big Rock Rd,SXBR,6/16/16,11:20,89,0.2348
Sioux River at Big Rock Rd,SXBR,6/27/16,15:00,24,0.032
Sioux River at Big Rock Rd,SXBR,6/30/16,13:10,26,0.028
Sioux River at Big Rock Rd,SXBR,7/11/16,13:30,39,0.408
Sioux River at Big Rock Rd,SXBR,7/12/16,10:30,396,0.77
Sioux River at Big Rock Rd,SXBR,7/26/16,11:15,23,0.036
Sioux River at Big Rock Rd,SXBR,8/8/16,11:10,21,0.037
Sioux River at Big Rock Rd,SXBR,8/22/16,13:45,23,0.0373
Sioux River at Big Rock Rd,SXBR,9/6/16,14:25,31,0.0383
South Fish Creek at Colby Rd,SFCR,4/21/14,15:30,488.5,0.8787
South Fish Creek at Colby Rd,SFCR,5/9/14,15:45,195.9,0.7208
South Fish Creek at Colby Rd,SFCR,6/4/14,14:30,6.2,0.1397
South Fish Creek at Colby Rd,SFCR,6/16/14,15:30,19.5,0.302
South Fish Creek at Colby Rd,SFCR,6/30/14,14:45,5.5,0.1784
South Fish Creek at Colby Rd,SFCR,7/8/14,13:52,2.3,0.11
South Fish Creek at Colby Rd,SFCR,7/15/14,13:09,0.8,0.1085
South Fish Creek at Colby Rd,SFCR,7/28/14,13:50,0.4,0.079
South Fish Creek at Colby Rd,SFCR,7/29/14,12:02,0.3,0.088
South Fish Creek at Colby Rd,SFCR,8/5/14,11:50,0.5,0.065
South Fish Creek at Colby Rd,SFCR,8/11/14,15:51,0.2,0.069
South Fish Creek at Colby Rd,SFCR,8/12/14,11:35,0.4,0.072
South Fish Creek at Colby Rd,SFCR,8/19/14,11:25,0.3,0.063
South Fish Creek at Colby Rd,SFCR,8/25/14,12:49,352.5,1.032
South Fish Creek at Colby Rd,SFCR,8/25/14,14:05,299.5,0.9316
South Fish Creek at Colby Rd,SFCR,9/2/14,11:20,46.5,0.311
South Fish Creek at Colby Rd,SFCR,9/10/14,12:50,514,0.8207
South Fish Creek at Colby Rd,SFCR,9/29/14,13:15,1.3,0.092
South Fish Creek at Colby Rd,SFCR,10/14/14,14:00,1.7,0.109
South Fish Creek at Colby Rd,SFCR,11/6/14,16:10,0.9,0.069
South Fish Creek at Colby Rd,SFCR,12/9/14,17:15,1,0.09
South Fish Creek at Colby Rd,SFCR,1/22/15,14:00,0.5,0.0649
South Fish Creek at Colby Rd,SFCR,3/5/15,14:30,0.2,0.048
South Fish Creek at Colby Rd,SFCR,3/17/15,14:30,37.7,0.231
South Fish Creek at Colby Rd,SFCR,3/30/15,12:15,2.9,0.1219
South Fish Creek at Colby Rd,SFCR,4/20/15,11:45,18.5,0.214
South Fish Creek at Colby Rd,SFCR,5/4/15,9:10,,0.0706
South Fish Creek at Colby Rd,SFCR,5/11/15,9:20,4.9,0.078
South Fish Creek at Colby Rd,SFCR,5/12/15,12:30,18.3,0.14
South Fish Creek at Colby Rd,SFCR,5/18/15,10:25,15.3,0.236
South Fish Creek at Colby Rd,SFCR,5/19/15,12:25,9.1,0.143
South Fish Creek at Colby Rd,SFCR,6/2/15,10:40,1.8,0.102
South Fish Creek at Colby Rd,SFCR,6/4/15,13:16,23.4,0.29
South Fish Creek at Colby Rd,SFCR,6/5/15,10:35,14.7,0.22
South Fish Creek at Colby Rd,SFCR,6/9/15,10:20,3.5,0.124
South Fish Creek at Colby Rd,SFCR,6/16/15,9:40,0.6,0.111
South Fish Creek at Colby Rd,SFCR,6/23/15,9:45,1,0.121
South Fish Creek at Colby Rd,SFCR,6/30/15,9:40,2.8,0.126
South Fish Creek at Colby Rd,SFCR,7/7/15,9:50,15.8,0.292
South Fish Creek at Colby Rd,SFCR,7/14/15,9:35,3.6,0.229
South Fish Creek at Colby Rd,SFCR,7/20/15,10:40,0.3,0.162
South Fish Creek at Colby Rd,SFCR,7/28/15,10:45,0.1,0.155
South Fish Creek at Colby Rd,SFCR,8/4/15,9:48,0.1,0.12
South Fish Creek at Colby Rd,SFCR,8/7/15,10:32,0.5,0.119
South Fish Creek at Colby Rd,SFCR,8/11/15,10:05,0.1,0.107
South Fish Creek at Colby Rd,SFCR,8/18/15,10:35,0.1,0.11
South Fish Creek at Colby Rd,SFCR,8/19/15,13:35,6.9,0.493
South Fish Creek at Colby Rd,SFCR,8/20/15,10:59,39.2,0.349
South Fish Creek at Colby Rd,SFCR,8/25/15,10:15,1.3,0.157
South Fish Creek at Colby Rd,SFCR,9/8/15,11:55,0.3,0.136
South Fish Creek at Colby Rd,SFCR,9/22/15,9:30,0.1,0.102
South Fish Creek at Colby Rd,SFCR,10/6/15,9:25,0.1,0.072
South Fish Creek at Colby Rd,SFCR,10/20/15,12:45,0.1,0.0553
South Fish Creek at Colby Rd,SFCR,10/28/15,12:00,0.7,0.0515
South Fish Creek at Colby Rd,SFCR,11/3/15,12:30,1.7,0.127
South Fish Creek at Colby Rd,SFCR,12/8/15,12:20,6.7,0.1992
South Fish Creek at Colby Rd,SFCR,3/9/16,13:00,289,0.435
South Fish Creek at Colby Rd,SFCR,3/12/16,18:00,135,0.423
South Fish Creek at Colby Rd,SFCR,3/16/16,11:30,742.1,1.863
South Fish Creek at Colby Rd,SFCR,3/28/16,13:15,29.1,0.195
South Fish Creek at Colby Rd,SFCR,4/14/16,10:00,27.1,0.162
South Fish Creek at Colby Rd,SFCR,4/25/16,9:15,335.2,2.04
South Fish Creek at Colby Rd,SFCR,4/25/16,11:00,307.5,1.55
South Fish Creek at Colby Rd,SFCR,5/9/16,10:00,2.7,0.0717
South Fish Creek at Colby Rd,SFCR,5/23/16,11:20,1.3,0.0717
South Fish Creek at Colby Rd,SFCR,6/13/16,15:40,6.2,0.2234
South Fish Creek at Colby Rd,SFCR,6/16/16,12:40,75,0.4448
South Fish Creek at Colby Rd,SFCR,6/27/16,13:30,1.3,0.083
South Fish Creek at Colby Rd,SFCR,6/30/16,11:15,1.7,0.057
South Fish Creek at Colby Rd,SFCR,7/11/16,11:15,1.2,0.091
South Fish Creek at Colby Rd,SFCR,7/12/16,10:10,564.3,0.885
South Fish Creek at Colby Rd,SFCR,7/12/16,12:00,473.4,1.475
South Fish Creek at Colby Rd,SFCR,7/26/16,13:40,1,0.081
South Fish Creek at Colby Rd,SFCR,8/8/16,14:05,0.1,0.042
South Fish Creek at Colby Rd,SFCR,8/22/16,11:50,0.2,0.041
South Fish Creek at Colby Rd,SFCR,9/6/16,12:10,0.3,0.1197
Thompson Creek at Bigelow St,TCBS,4/30/14,13:15,98.7,0.295
Thompson Creek at Bigelow St,TCBS,6/4/14,11:25,3.6,0.055
Thompson Creek at Bigelow St,TCBS,6/30/14,11:30,2.6,0.0599
Thompson Creek at Bigelow St,TCBS,7/15/14,10:07,2.7,0.0498
Thompson Creek at Bigelow St,TCBS,7/28/14,11:41,2.2,0.0531
Thompson Creek at Bigelow St,TCBS,8/11/14,12:08,2.5,0.0511
Thompson Creek at Bigelow St,TCBS,8/25/14,12:45,8.4,0.323
Thompson Creek at Bigelow St,TCBS,9/10/14,15:25,59.3,0.365
Thompson Creek at Bigelow St,TCBS,9/29/14,11:30,2.7,0.0519
Thompson Creek at Bigelow St,TCBS,10/15/14,11:30,2.7,0.0522
Thompson Creek at Bigelow St,TCBS,11/6/14,15:10,2.4,0.0416
Thompson Creek at Bigelow St,TCBS,12/15/14,11:55,37.4,0.2255
Thompson Creek at Bigelow St,TCBS,1/29/15,13:20,2.1,0.0474
Thompson Creek at Bigelow St,TCBS,3/17/15,13:20,10.6,0.1065
Thompson Creek at Bigelow St,TCBS,3/30/15,14:25,4.2,0.0633
Thompson Creek at Bigelow St,TCBS,4/20/15,16:00,20.7,0.2327
Thompson Creek at Bigelow St,TCBS,5/4/15,11:11,2.8,0.0453
Thompson Creek at Bigelow St,TCBS,5/18/15,12:00,14.9,0.1615
Thompson Creek at Bigelow St,TCBS,6/2/15,15:20,2.7,0.0477
Thompson Creek at Bigelow St,TCBS,6/16/15,13:35,2.3,0.0505
Thompson Creek at Bigelow St,TCBS,6/30/15,14:30,2.6,0.0522
Thompson Creek at Bigelow St,TCBS,7/14/15,11:05,2.2,0.0604
Thompson Creek at Bigelow St,TCBS,7/29/15,11:55,2.1,0.0576
Thompson Creek at Bigelow St,TCBS,8/11/15,10:40,NA,0.0483
Thompson Creek at Bigelow St,TCBS,8/19/15,12:15,NA,0.1256
Thompson Creek at Bigelow St,TCBS,8/25/15,14:30,NA,0.0542
Thompson Creek at Bigelow St,TCBS,9/8/15,10:41,2.1,0.0537
Thompson Creek at Bigelow St,TCBS,9/22/15,12:25,NA,0.0582
Thompson Creek at Bigelow St,TCBS,10/6/15,11:25,NA,0.052
Thompson Creek at Bigelow St,TCBS,10/20/15,15:20,NA,0.0554
Thompson Creek at Bigelow St,TCBS,11/3/15,10:35,2.5,0.0448
Thompson Creek at Bigelow St,TCBS,3/11/16,17:00,46.1,0.2456
Thompson Creek at Bigelow St,TCBS,3/28/16,15:25,16.4,0.0927
Thompson Creek at Bigelow St,TCBS,4/14/16,12:45,11.8,0.0868
Thompson Creek at Bigelow St,TCBS,4/25/16,14:30,75.5,0.3915
Thompson Creek at Bigelow St,TCBS,5/9/16,14:00,3.2,0.0672
Thompson Creek at Bigelow St,TCBS,5/23/16,13:45,2.5,0.0459
Thompson Creek at Bigelow St,TCBS,6/14/16,11:15,3,0.048
Thompson Creek at Bigelow St,TCBS,7/11/16,11:30,10.5,0.426
Thompson Creek at Bigelow St,TCBS,7/12/16,12:40,48.9,0.281
Thompson Creek at Bigelow St,TCBS,8/8/16,11:40,2.3,0.057
Unnamed Tributary to North Fish Creek at Hwy 2,NFT2,4/30/14,14:25,42,0.5496
Unnamed Tributary to North Fish Creek at Hwy 2,NFT2,7/15/14,15:40,0.02,0.0686
Unnamed Tributary to North Fish Creek at Hwy 2,NFT2,8/12/14,14:15,0.001,0.047
Unnamed Tributary to North Fish Creek at Hwy 2,NFT2,9/11/14,14:15,1.65,0.0959
Unnamed Tributary to North Fish Creek at Hwy 2,NFT2,10/15/14,14:45,0.06,0.0885
Unnamed Tributary to North Fish Creek at Hwy 2,NFT2,3/30/15,13:00,0.94,0.0947
Unnamed Tributary to North Fish Creek at Hwy 2,NFT2,4/21/15,12:20,1.48,0.0674
Unnamed Tributary to North Fish Creek at Hwy 2,NFT2,5/18/15,10:30,0.33,0.0498
Unnamed Tributary to North Fish Creek at Hwy 2,NFT2,6/16/15,11:25,0.0004,0.0336
Unnamed Tributary to North Fish Creek at Hwy 2,NFT2,7/28/15,13:45,0.01,0.0437
Unnamed Tributary to North Fish Creek at Hwy 2,NFT2,8/7/15,11:00,0.01,0.0887
Unnamed Tributary to North Fish Creek at Hwy 2,NFT2,8/11/15,12:00,NA,0.036
Unnamed Tributary to North Fish Creek at Hwy 2,NFT2,8/19/15,14:20,21.4,0.2862
Unnamed Tributary to North Fish Creek at Hwy 2,NFT2,8/25/15,15:20,NA,0.0804
Unnamed Tributary to North Fish Creek at Hwy 2,NFT2,9/8/15,12:45,NA,0.0345
Unnamed Tributary to North Fish Creek at Hwy 2,NFT2,9/22/15,10:40,NA,0.0591
Unnamed Tributary to North Fish Creek at Hwy 2,NFT2,10/6/15,10:10,NA,0.0332
Unnamed Tributary to North Fish Creek at Hwy 2,NFT2,10/20/15,13:30,NA,0.1081
Unnamed Tributary to North Fish Creek at Hwy 2,NFT2,11/3/15,12:00,0.21,0.1097
Unnamed Tributary to North Fish Creek at Hwy 2,NFT2,12/8/15,11:45,0.56,0.1077
Unnamed Tributary to North Fish Creek at Hwy 2,NFT2,3/12/16,17:30,32.23,0.2176
Unnamed Tributary to North Fish Creek at Hwy 2,NFT2,4/25/16,13:00,16.88,0.3055
Unnamed Tributary to North Fish Creek at Hwy 2,NFT2,5/23/16,10:20,0.02,0.0496
Unnamed Tributary to North Fish Creek at Hwy 2,NFT2,6/14/16,13:00,0.28,0.1015
Unnamed Tributary to North Fish Creek at Hwy 2,NFT2,6/30/16,11:55,0.04,0.059
Unnamed Tributary to North Fish Creek at Hwy 2,NFT2,7/11/16,13:15,0.03,0.052
Unnamed Tributary to North Fish Creek at Hwy 2,NFT2,7/12/16,11:20,8.99,0.219
Unnamed Tributary to North Fish Creek at Hwy 2,NFT2,8/9/16,12:35,0.004,0.106
Unnamed Tributary to South Fish Creek at Colby Rd,SFTC,5/11/15,9:30,2.6,0.1725
Unnamed Tributary to South Fish Creek at Colby Rd,SFTC,5/18/15,13:35,5.5,0.5009
Unnamed Tributary to South Fish Creek at Colby Rd,SFTC,6/2/15,10:15,0.09,0.2235
Unnamed Tributary to South Fish Creek at Colby Rd,SFTC,6/3/15,13:45,0.07,0.1268
Unnamed Tributary to South Fish Creek at Colby Rd,SFTC,6/4/15,12:55,7.7,0.4973
Unnamed Tributary to South Fish Creek at Colby Rd,SFTC,6/5/15,10:20,1.7,0.2321
Unnamed Tributary to South Fish Creek at Colby Rd,SFTC,6/9/15,10:05,0.23,0.1685
Unnamed Tributary to South Fish Creek at Colby Rd,SFTC,6/16/15,9:20,0.04,0.16
Unnamed Tributary to South Fish Creek at Colby Rd,SFTC,6/23/15,9:30,0.04,0.1503
Unnamed Tributary to South Fish Creek at Colby Rd,SFTC,6/30/15,9:15,0.04,0.1666
Unnamed Tributary to South Fish Creek at Colby Rd,SFTC,7/7/15,9:40,1.6,0.3765
Unnamed Tributary to South Fish Creek at Colby Rd,SFTC,7/14/15,9:15,0.7,0.3109
Unnamed Tributary to South Fish Creek at Colby Rd,SFTC,7/20/15,10:25,0.004,0.256
Unnamed Tributary to South Fish Creek at Colby Rd,SFTC,7/28/15,10:05,0.0005,0.3211
Unnamed Tributary to South Fish Creek at Colby Rd,SFTC,8/4/15,9:35,0.004,0.1984
Unnamed Tributary to South Fish Creek at Colby Rd,SFTC,8/7/15,10:15,0.011,0.4079
Unnamed Tributary to South Fish Creek at Colby Rd,SFTC,8/11/15,9:50,0.005,0.1497
Unnamed Tributary to South Fish Creek at Colby Rd,SFTC,8/18/15,10:15,0.005,0.2669
Unnamed Tributary to South Fish Creek at Colby Rd,SFTC,8/19/15,13:25,1.2,0.5505
Unnamed Tributary to South Fish Creek at Colby Rd,SFTC,8/20/15,10:45,0.4,0.5241
Unnamed Tributary to South Fish Creek at Colby Rd,SFTC,8/25/15,10:05,0.006,0.1705
Unnamed Tributary to South Fish Creek at Colby Rd,SFTC,9/8/15,12:10,0.007,0.2258
Unnamed Tributary to South Fish Creek at Colby Rd,SFTC,9/22/15,9:50,0.007,0.1156
Unnamed Tributary to South Fish Creek at Colby Rd,SFTC,10/6/15,9:40,0.005,0.0817
Unnamed Tributary to South Fish Creek at Colby Rd,SFTC,10/20/15,12:10,0.007,0.0921
Unnamed Tributary to South Fish Creek at Colby Rd,SFTC,10/28/15,12:15,0.025,0.1434
Unnamed Tributary to South Fish Creek at Colby Rd,SFTC,11/3/15,12:20,0.01,0.1333
Unnamed Tributary to South Fish Creek at Colby Rd,SFTC,12/8/15,12:15,0.7,0.1867
Unnamed Tributary to South Fish Creek at Colby Rd,SFTC,3/8/16,16:30,50.1,0.5556
Unnamed Tributary to South Fish Creek at Colby Rd,SFTC,3/9/16,14:15,41.4,0.3716
Unnamed Tributary to South Fish Creek at Colby Rd,SFTC,3/12/16,17:45,13.5,0.3641
Unnamed Tributary to South Fish Creek at Colby Rd,SFTC,3/17/16,15:45,20.6,0.4178
Unnamed Tributary to South Fish Creek at Colby Rd,SFTC,4/14/16,9:45,2,0.2169
Unnamed Tributary to South Fish Creek at Colby Rd,SFTC,4/25/16,11:30,57.3,0.941
Unnamed Tributary to South Fish Creek at Colby Rd,SFTC,5/9/16,10:40,0.3,0.1057
Unnamed Tributary to South Fish Creek at Colby Rd,SFTC,5/23/16,11:35,0.2,0.0948
Unnamed Tributary to South Fish Creek at Colby Rd,SFTC,6/14/16,13:15,0.7,0.2543
Unnamed Tributary to South Fish Creek at Colby Rd,SFTC,6/27/16,12:30,0.2,0.135
Unnamed Tributary to South Fish Creek at Colby Rd,SFTC,6/30/16,11:00,0.3,0.303
Unnamed Tributary to South Fish Creek at Colby Rd,SFTC,7/11/16,13:45,0.1,0.178
Unnamed Tributary to South Fish Creek at Colby Rd,SFTC,7/12/16,10:00,54.6,0.78
Unnamed Tributary to South Fish Creek at Colby Rd,SFTC,7/26/16,14:00,0.03,0.079
Unnamed Tributary to South Fish Creek at Colby Rd,SFTC,8/8/16,14:20,0.005,0.081
Unnamed Tributary to South Fish Creek at Colby Rd,SFTC,8/22/16,10:45,0.003,0.1284
Unnamed Tributary to South Fish Creek at Colby Rd,SFTC,9/5/16,12:40,0.009,0.3764
Whittlesey Creek at Cherryville Rd,WITC,6/4/14,12:30,21,0.0297
Whittlesey Creek at Cherryville Rd,WITC,6/16/14,12:25,24,0.0531
Whittlesey Creek at Cherryville Rd,WITC,6/30/14,13:18,19,0.0356
Whittlesey Creek at Cherryville Rd,WITC,7/8/14,12:26,21,0.0533
Whittlesey Creek at Cherryville Rd,WITC,7/15/14,10:15,19,0.0304
Whittlesey Creek at Cherryville Rd,WITC,7/22/14,10:56,19,0.0278
Whittlesey Creek at Cherryville Rd,WITC,7/28/14,12:05,20,0.0273
Whittlesey Creek at Cherryville Rd,WITC,7/29/14,10:46,18,0.0265
Whittlesey Creek at Cherryville Rd,WITC,8/5/14,10:33,18,0.0248
Whittlesey Creek at Cherryville Rd,WITC,8/11/14,12:40,19,0.0326
Whittlesey Creek at Cherryville Rd,WITC,8/12/14,10:42,18,0.0458
Whittlesey Creek at Cherryville Rd,WITC,8/19/14,10:30,21,0.0788
Whittlesey Creek at Cherryville Rd,WITC,8/25/14,11:59,65,0.3013
Whittlesey Creek at Cherryville Rd,WITC,9/2/14,10:25,26,0.0902
Whittlesey Creek at Cherryville Rd,WITC,9/10/14,14:15,98,0.4548
Whittlesey Creek at Cherryville Rd,WITC,9/29/14,12:30,21,0.0271
Whittlesey Creek at Cherryville Rd,WITC,10/14/14,14:45,21,0.0262
Whittlesey Creek at Cherryville Rd,WITC,11/6/14,15:00,20,0.0232
Whittlesey Creek at Cherryville Rd,WITC,12/15/14,10:30,45,0.252
Whittlesey Creek at Cherryville Rd,WITC,3/17/15,13:05,28,0.064
Whittlesey Creek at Cherryville Rd,WITC,3/30/15,13:55,24,0.04
Whittlesey Creek at Cherryville Rd,WITC,4/20/15,16:15,33,0.1476
Whittlesey Creek at Cherryville Rd,WITC,5/4/15,11:00,20,0.023
Whittlesey Creek at Cherryville Rd,WITC,5/12/15,11:00,28,0.0565
Whittlesey Creek at Cherryville Rd,WITC,5/18/15,11:40,23,0.0428
Whittlesey Creek at Cherryville Rd,WITC,5/19/15,11:00,21,0.033
Whittlesey Creek at Cherryville Rd,WITC,6/2/15,12:00,20,0.03
Whittlesey Creek at Cherryville Rd,WITC,6/3/15,14:45,20,0.0241
Whittlesey Creek at Cherryville Rd,WITC,6/4/15,10:15,56,0.5321
Whittlesey Creek at Cherryville Rd,WITC,6/5/15,11:25,24,0.0614
Whittlesey Creek at Cherryville Rd,WITC,6/9/15,11:20,19,0.0291
Whittlesey Creek at Cherryville Rd,WITC,6/16/15,10:40,19,0.0293
Whittlesey Creek at Cherryville Rd,WITC,6/23/15,10:55,19,0.0301
Whittlesey Creek at Cherryville Rd,WITC,6/30/15,11:10,19,0.0267
Whittlesey Creek at Cherryville Rd,WITC,7/7/15,10:50,19,0.0325
Whittlesey Creek at Cherryville Rd,WITC,7/14/15,10:35,19,0.034
Whittlesey Creek at Cherryville Rd,WITC,7/20/15,11:40,19,0.0252
Whittlesey Creek at Cherryville Rd,WITC,7/28/15,11:48,19,0.0519
Whittlesey Creek at Cherryville Rd,WITC,8/4/15,10:55,19,0.0105
Whittlesey Creek at Cherryville Rd,WITC,8/11/15,11:08,19,0.0261
Whittlesey Creek at Cherryville Rd,WITC,8/18/15,11:43,19,0.0249
Whittlesey Creek at Cherryville Rd,WITC,8/19/15,15:45,65.9,1.112
Whittlesey Creek at Cherryville Rd,WITC,8/20/15,12:05,23,0.0506
Whittlesey Creek at Cherryville Rd,WITC,8/25/15,11:15,19,0.0342
Whittlesey Creek at Cherryville Rd,WITC,9/8/15,11:30,19,0.0254
Whittlesey Creek at Cherryville Rd,WITC,9/22/15,12:55,19,0.0297
Whittlesey Creek at Cherryville Rd,WITC,10/6/15,12:05,17,0.0407
Whittlesey Creek at Cherryville Rd,WITC,10/20/15,15:00,18,0.0226
Whittlesey Creek at Cherryville Rd,WITC,11/3/15,11:10,18,0.0238
Whittlesey Creek at Cherryville Rd,WITC,3/11/16,18:20,49,0.1879
Whittlesey Creek at Cherryville Rd,WITC,3/28/16,15:15,26,0.0528
Whittlesey Creek at Cherryville Rd,WITC,4/14/16,13:00,24,0.0472
Whittlesey Creek at Cherryville Rd,WITC,4/25/16,14:15,110,0.8125
Whittlesey Creek at Cherryville Rd,WITC,5/9/16,12:50,22,0.0238
Whittlesey Creek at Cherryville Rd,WITC,5/23/16,13:00,22,0.0287
Whittlesey Creek at Cherryville Rd,WITC,6/14/16,12:00,20,0.0296
Whittlesey Creek at Cherryville Rd,WITC,6/27/16,13:00,18,0.0029
Whittlesey Creek at Cherryville Rd,WITC,6/30/16,12:20,23,0.068
Whittlesey Creek at Cherryville Rd,WITC,7/11/16,12:20,21,0.07
Whittlesey Creek at Cherryville Rd,WITC,7/12/16,12:05,73.8,0.369
Whittlesey Creek at Cherryville Rd,WITC,7/26/16,12:20,20,0.028
Whittlesey Creek at Cherryville Rd,WITC,8/8/16,12:10,19,0.031
Whittlesey Creek at Cherryville Rd,WITC,8/22/16,11:55,19,0.0268
Whittlesey Creek at Cherryville Rd,WITC,9/6/16,11:50,21,0.0398